SAV,INDICATOR_CODE,value_2016,value_2025,year_2025,index_2016,index_2025
Alytaus m. sav.,NL,10.3,,,2.0,
Alytaus m. sav.,IBD,39.6,,,2.0,
Alytaus m. sav.,LLS,16.2,,,2.0,
Alytaus m. sav.,MPM,13.4,,,3.0,
Alytaus m. sav.,MMA,78.5,,,3.0,
Alytaus m. sav.,EIS,2.88,,,1.0,
Alytaus m. sav.,VTP,88.7,,,3.0,
Alytaus m. sav.,KGP,0.0,,,1.0,
Alytaus m. sav.,OUP,0.04,,,3.0,
Alytaus m. sav.,KPD,75.0,,,3.0,
Alytaus m. sav.,GVT,98.0,,,3.0,
Alytaus m. sav.,VBN,99.0,,,3.0,
Alytaus m. sav.,CTS,36.0,,,2.0,
Alytaus m. sav.,NZP,49.0,,,2.0,
Alytaus m. sav.,VTD,0.00,,,1.0,
Alytaus m. sav.,OIT,502.23,,,3.0,
Alytaus m. sav.,EDD,,,,,
Alytaus m. sav.,NDU,545.0,,,2.0,
Alytaus m. sav.,TUI,1.5,,,1.0,
Alytaus m. sav.,MIG,1.1,,,1.0,
Alytaus m. sav.,PVG,4.6,,,2.0,
Alytaus m. sav.,UGD,50.2,,,3.0,
Alytaus m. sav.,NM,-0.03,,,1.0,
Alytaus m. sav.,SLD,4.6,,,2.0,
Alytaus m. sav.,DAG,63.0,,,2.0,
Alytaus m. sav.,PAG,23.0,,,2.0,
Alytaus m. sav.,USS,5.1,,,2.0,
Alytaus m. sav.,GSM,-23.86,,,1.0,
Alytaus m. sav.,GSK,,,,,
Alytaus m. sav.,KGD,,,,,
Alytaus m. sav.,M,33.0,,,2.0,
Alytaus m. sav.,ZNP,15.0,,,1.0,
Alytaus m. sav.,RIP,4.36,,,1.0,
Alytaus m. sav.,NII,0.0,,,1.0,
Alytaus m. sav.,INI,,,,,
Alytaus m. sav.,PVI,14.3,,,1.0,
Alytaus m. sav.,KNI,0.00,,,1.0,
Alytaus m. sav.,NG,,,,,
Alytaus m. sav.,PVA,0.0,,,1.0,
Alytaus m. sav.,STP,10.0,,,3.0,
Alytaus m. sav.,KPO,31.5,,,3.0,
Alytaus r. sav.,NL,13.1,,,1.0,
Alytaus r. sav.,IBD,49.1,,,1.0,
Alytaus r. sav.,LLS,85.6,,,3.0,
Alytaus r. sav.,MPM,19.1,,,3.0,
Alytaus r. sav.,MMA,72.7,,,2.0,
Alytaus r. sav.,EIS,0.78,,,3.0,
Alytaus r. sav.,VTP,39.7,,,2.0,
Alytaus r. sav.,KGP,0.0,,,1.0,
Alytaus r. sav.,OUP,0.04,,,3.0,
Alytaus r. sav.,KPD,34.0,,,2.0,
Alytaus r. sav.,GVT,27.0,,,1.0,
Alytaus r. sav.,VBN,15.0,,,1.0,
Alytaus r. sav.,CTS,,,,,
Alytaus r. sav.,NZP,45.0,,,1.0,
Alytaus r. sav.,VTD,56.00,,,2.0,
Alytaus r. sav.,OIT,269.46,,,3.0,
Alytaus r. sav.,EDD,1.8,,,2.0,
Alytaus r. sav.,NDU,502.0,,,1.0,
Alytaus r. sav.,TUI,1.0,,,1.0,
Alytaus r. sav.,MIG,0.7,,,1.0,
Alytaus r. sav.,PVG,1.5,,,1.0,
Alytaus r. sav.,UGD,42.5,,,2.0,
Alytaus r. sav.,NM,0.0,,,2.0,
Alytaus r. sav.,SLD,6.3,,,2.0,
Alytaus r. sav.,DAG,59.0,,,1.0,
Alytaus r. sav.,PAG,27.0,,,1.0,
Alytaus r. sav.,USS,2.7,,,1.0,
Alytaus r. sav.,GSM,-28.21,,,1.0,
Alytaus r. sav.,GSK,-16.0,,,2.0,
Alytaus r. sav.,KGD,6.48,,,3.0,
Alytaus r. sav.,M,25.0,,,2.0,
Alytaus r. sav.,ZNP,57.0,,,3.0,
Alytaus r. sav.,RIP,5.53,,,1.0,
Alytaus r. sav.,NII,21.0,,,1.0,
Alytaus r. sav.,INI,,,,,
Alytaus r. sav.,PVI,14.3,,,1.0,
Alytaus r. sav.,KNI,202.00,,,1.0,
Alytaus r. sav.,NG,,,,,
Alytaus r. sav.,PVA,8.5,,,2.0,
Alytaus r. sav.,STP,12.0,,,3.0,
Alytaus r. sav.,KPO,5.9,,,1.0,
Druskininkų sav.,NL,9.9,,,2.0,
Druskininkų sav.,IBD,38.7,,,2.0,
Druskininkų sav.,LLS,83.8,,,3.0,
Druskininkų sav.,MPM,13.0,,,3.0,
Druskininkų sav.,MMA,75.8,,,2.0,
Druskininkų sav.,EIS,0.4,,,3.0,
Druskininkų sav.,VTP,30.6,,,2.0,
Druskininkų sav.,KGP,0.0,,,1.0,
Druskininkų sav.,OUP,0.07,,,2.0,
Druskininkų sav.,KPD,35.0,,,2.0,
Druskininkų sav.,GVT,86.0,,,3.0,
Druskininkų sav.,VBN,82.0,,,3.0,
Druskininkų sav.,CTS,32.0,,,2.0,
Druskininkų sav.,NZP,81.0,,,3.0,
Druskininkų sav.,VTD,45.00,,,2.0,
Druskininkų sav.,OIT,452.43,,,3.0,
Druskininkų sav.,EDD,2.3,,,2.0,
Druskininkų sav.,NDU,497.0,,,1.0,
Druskininkų sav.,TUI,1.9,,,1.0,
Druskininkų sav.,MIG,1.1,,,1.0,
Druskininkų sav.,PVG,4.1,,,2.0,
Druskininkų sav.,UGD,47.1,,,3.0,
Druskininkų sav.,NM,-0.01,,,2.0,
Druskininkų sav.,SLD,6.1,,,2.0,
Druskininkų sav.,DAG,61.0,,,2.0,
Druskininkų sav.,PAG,26.0,,,2.0,
Druskininkų sav.,USS,5.2,,,2.0,
Druskininkų sav.,GSM,-27.46,,,1.0,
Druskininkų sav.,GSK,-0.5,,,2.0,
Druskininkų sav.,KGD,10.94,,,2.0,
Druskininkų sav.,M,69.0,,,3.0,
Druskininkų sav.,ZNP,18.0,,,1.0,
Druskininkų sav.,RIP,7.92,,,3.0,
Druskininkų sav.,NII,5.0,,,1.0,
Druskininkų sav.,INI,,,,,
Druskininkų sav.,PVI,26.1,,,2.0,
Druskininkų sav.,KNI,44.00,,,1.0,
Druskininkų sav.,NG,,,,,
Druskininkų sav.,PVA,4.0,,,1.0,
Druskininkų sav.,STP,7.0,,,2.0,
Druskininkų sav.,KPO,5.9,,,1.0,
Lazdijų r. sav.,NL,15.0,,,1.0,
Lazdijų r. sav.,IBD,60.2,,,1.0,
Lazdijų r. sav.,LLS,54.5,,,3.0,
Lazdijų r. sav.,MPM,15.6,,,3.0,
Lazdijų r. sav.,MMA,68.0,,,1.0,
Lazdijų r. sav.,EIS,0.84,,,3.0,
Lazdijų r. sav.,VTP,25.6,,,2.0,
Lazdijų r. sav.,KGP,5.0,,,1.0,
Lazdijų r. sav.,OUP,0.07,,,2.0,
Lazdijų r. sav.,KPD,29.0,,,1.0,
Lazdijų r. sav.,GVT,14.0,,,1.0,
Lazdijų r. sav.,VBN,11.0,,,1.0,
Lazdijų r. sav.,CTS,6.0,,,1.0,
Lazdijų r. sav.,NZP,58.0,,,2.0,
Lazdijų r. sav.,VTD,69.00,,,3.0,
Lazdijų r. sav.,OIT,130.73,,,3.0,
Lazdijų r. sav.,EDD,0.9,,,3.0,
Lazdijų r. sav.,NDU,456.4,,,1.0,
Lazdijų r. sav.,TUI,0.0,,,1.0,
Lazdijų r. sav.,MIG,0.4,,,1.0,
Lazdijų r. sav.,PVG,1.1,,,1.0,
Lazdijų r. sav.,UGD,41.1,,,2.0,
Lazdijų r. sav.,NM,-0.02,,,1.0,
Lazdijų r. sav.,SLD,5.1,,,2.0,
Lazdijų r. sav.,DAG,59.0,,,1.0,
Lazdijų r. sav.,PAG,27.0,,,1.0,
Lazdijų r. sav.,USS,2.4,,,1.0,
Lazdijų r. sav.,GSM,-20.89,,,2.0,
Lazdijų r. sav.,GSK,-26.0,,,1.0,
Lazdijų r. sav.,KGD,11.47,,,2.0,
Lazdijų r. sav.,M,36.0,,,2.0,
Lazdijų r. sav.,ZNP,46.0,,,2.0,
Lazdijų r. sav.,RIP,7.69,,,2.0,
Lazdijų r. sav.,NII,11.0,,,1.0,
Lazdijų r. sav.,INI,,,,,
Lazdijų r. sav.,PVI,1.0,,,1.0,
Lazdijų r. sav.,KNI,105.00,,,1.0,
Lazdijų r. sav.,NG,,,,,
Lazdijų r. sav.,PVA,0.0,,,1.0,
Lazdijų r. sav.,STP,24.0,,,3.0,
Lazdijų r. sav.,KPO,4.8,,,1.0,
Varėnos r. sav.,NL,10.0,,,2.0,
Varėnos r. sav.,IBD,27.8,,,2.0,
Varėnos r. sav.,LLS,60.7,,,3.0,
Varėnos r. sav.,MPM,19.4,,,3.0,
Varėnos r. sav.,MMA,71.9,,,2.0,
Varėnos r. sav.,EIS,1.23,,,3.0,
Varėnos r. sav.,VTP,23.2,,,1.0,
Varėnos r. sav.,KGP,19.0,,,2.0,
Varėnos r. sav.,OUP,0.05,,,3.0,
Varėnos r. sav.,KPD,30.0,,,1.0,
Varėnos r. sav.,GVT,83.0,,,3.0,
Varėnos r. sav.,VBN,65.0,,,2.0,
Varėnos r. sav.,CTS,20.0,,,1.0,
Varėnos r. sav.,NZP,79.0,,,3.0,
Varėnos r. sav.,VTD,76.00,,,3.0,
Varėnos r. sav.,OIT,424.79,,,3.0,
Varėnos r. sav.,EDD,0.9,,,3.0,
Varėnos r. sav.,NDU,495.7,,,1.0,
Varėnos r. sav.,TUI,0.1,,,1.0,
Varėnos r. sav.,MIG,0.6,,,1.0,
Varėnos r. sav.,PVG,1.9,,,1.0,
Varėnos r. sav.,UGD,40.0,,,2.0,
Varėnos r. sav.,NM,-0.02,,,1.0,
Varėnos r. sav.,SLD,4.4,,,1.0,
Varėnos r. sav.,DAG,59.0,,,1.0,
Varėnos r. sav.,PAG,28.0,,,1.0,
Varėnos r. sav.,USS,2.9,,,1.0,
Varėnos r. sav.,GSM,-19.07,,,2.0,
Varėnos r. sav.,GSK,-29.9,,,1.0,
Varėnos r. sav.,KGD,13.98,,,2.0,
Varėnos r. sav.,M,69.0,,,3.0,
Varėnos r. sav.,ZNP,21.0,,,1.0,
Varėnos r. sav.,RIP,5.69,,,2.0,
Varėnos r. sav.,NII,219.0,,,3.0,
Varėnos r. sav.,INI,,,,,
Varėnos r. sav.,PVI,12.6,,,1.0,
Varėnos r. sav.,KNI,103.00,,,1.0,
Varėnos r. sav.,NG,,,,,
Varėnos r. sav.,PVA,2.9,,,1.0,
Varėnos r. sav.,STP,35.0,,,2.0,
Varėnos r. sav.,KPO,4.0,,,1.0,
Birštono sav.,NL,5.6,,,3.0,
Birštono sav.,IBD,57.0,,,1.0,
Birštono sav.,LLS,,,,,
Birštono sav.,MPM,12.6,,,2.0,
Birštono sav.,MMA,73.6,,,2.0,
Birštono sav.,EIS,0.12,,,3.0,
Birštono sav.,VTP,48.2,,,3.0,
Birštono sav.,KGP,0.0,,,1.0,
Birštono sav.,OUP,0.04,,,3.0,
Birštono sav.,KPD,46.0,,,2.0,
Birštono sav.,GVT,68.0,,,2.0,
Birštono sav.,VBN,63.0,,,2.0,
Birštono sav.,CTS,22.0,,,2.0,
Birštono sav.,NZP,62.0,,,2.0,
Birštono sav.,VTD,0.00,,,1.0,
Birštono sav.,OIT,90.56,,,3.0,
Birštono sav.,EDD,6.6,,,1.0,
Birštono sav.,NDU,496.0,,,1.0,
Birštono sav.,TUI,0.1,,,1.0,
Birštono sav.,MIG,1.6,,,2.0,
Birštono sav.,PVG,2.6,,,1.0,
Birštono sav.,UGD,39.3,,,2.0,
Birštono sav.,NM,-0.02,,,1.0,
Birštono sav.,SLD,12.5,,,3.0,
Birštono sav.,DAG,60.0,,,1.0,
Birštono sav.,PAG,27.0,,,1.0,
Birštono sav.,USS,4.1,,,2.0,
Birštono sav.,GSM,-23.75,,,1.0,
Birštono sav.,GSK,-15.0,,,2.0,
Birštono sav.,KGD,12.24,,,2.0,
Birštono sav.,M,47.0,,,3.0,
Birštono sav.,ZNP,36.0,,,2.0,
Birštono sav.,RIP,7.26,,,2.0,
Birštono sav.,NII,0.0,,,1.0,
Birštono sav.,INI,,,,,
Birštono sav.,PVI,12.0,,,1.0,
Birštono sav.,KNI,2.00,,,1.0,
Birštono sav.,NG,,,,,
Birštono sav.,PVA,0.9,,,1.0,
Birštono sav.,STP,82.0,,,1.0,
Birštono sav.,KPO,9.2,,,2.0,
Jonavos r. sav.,NL,9.4,,,2.0,
Jonavos r. sav.,IBD,30.8,,,2.0,
Jonavos r. sav.,LLS,41.8,,,3.0,
Jonavos r. sav.,MPM,15.0,,,3.0,
Jonavos r. sav.,MMA,78.0,,,3.0,
Jonavos r. sav.,EIS,1.0,,,3.0,
Jonavos r. sav.,VTP,32.9,,,2.0,
Jonavos r. sav.,KGP,9.0,,,1.0,
Jonavos r. sav.,OUP,0.05,,,3.0,
Jonavos r. sav.,KPD,31.0,,,1.0,
Jonavos r. sav.,GVT,88.0,,,3.0,
Jonavos r. sav.,VBN,82.0,,,3.0,
Jonavos r. sav.,CTS,32.0,,,2.0,
Jonavos r. sav.,NZP,52.0,,,2.0,
Jonavos r. sav.,VTD,28.00,,,1.0,
Jonavos r. sav.,OIT,"3,002.81",,,1.0,
Jonavos r. sav.,EDD,1.5,,,2.0,
Jonavos r. sav.,NDU,605.0,,,2.0,
Jonavos r. sav.,TUI,0.2,,,1.0,
Jonavos r. sav.,MIG,1.6,,,2.0,
Jonavos r. sav.,PVG,5.4,,,2.0,
Jonavos r. sav.,UGD,42.1,,,2.0,
Jonavos r. sav.,NM,-0.01,,,2.0,
Jonavos r. sav.,SLD,4.9,,,2.0,
Jonavos r. sav.,DAG,61.0,,,2.0,
Jonavos r. sav.,PAG,22.0,,,2.0,
Jonavos r. sav.,USS,3.0,,,1.0,
Jonavos r. sav.,GSM,-18.27,,,2.0,
Jonavos r. sav.,GSK,-16.0,,,2.0,
Jonavos r. sav.,KGD,23.05,,,1.0,
Jonavos r. sav.,M,42.0,,,2.0,
Jonavos r. sav.,ZNP,46.0,,,2.0,
Jonavos r. sav.,RIP,3.85,,,1.0,
Jonavos r. sav.,NII,112.0,,,2.0,
Jonavos r. sav.,INI,,,,,
Jonavos r. sav.,PVI,27.8,,,2.0,
Jonavos r. sav.,KNI,"1,039.00",,,3.0,
Jonavos r. sav.,NG,,,,,
Jonavos r. sav.,PVA,4.8,,,2.0,
Jonavos r. sav.,STP,4.0,,,2.0,
Jonavos r. sav.,KPO,5.5,,,1.0,
Kaišiadorių r. sav.,NL,7.0,,,3.0,
Kaišiadorių r. sav.,IBD,41.1,,,2.0,
Kaišiadorių r. sav.,LLS,42.5,,,3.0,
Kaišiadorių r. sav.,MPM,15.2,,,3.0,
Kaišiadorių r. sav.,MMA,74.9,,,2.0,
Kaišiadorių r. sav.,EIS,1.25,,,3.0,
Kaišiadorių r. sav.,VTP,14.6,,,1.0,
Kaišiadorių r. sav.,KGP,30.0,,,3.0,
Kaišiadorių r. sav.,OUP,0.02,,,3.0,
Kaišiadorių r. sav.,KPD,32.0,,,2.0,
Kaišiadorių r. sav.,GVT,95.0,,,3.0,
Kaišiadorių r. sav.,VBN,82.0,,,3.0,
Kaišiadorių r. sav.,CTS,16.0,,,1.0,
Kaišiadorių r. sav.,NZP,49.0,,,2.0,
Kaišiadorių r. sav.,VTD,24.00,,,1.0,
Kaišiadorių r. sav.,OIT,489.32,,,3.0,
Kaišiadorių r. sav.,EDD,2.6,,,2.0,
Kaišiadorių r. sav.,NDU,533.0,,,2.0,
Kaišiadorių r. sav.,TUI,0.1,,,1.0,
Kaišiadorių r. sav.,MIG,0.8,,,1.0,
Kaišiadorių r. sav.,PVG,2.4,,,1.0,
Kaišiadorių r. sav.,UGD,48.0,,,3.0,
Kaišiadorių r. sav.,NM,-0.01,,,2.0,
Kaišiadorių r. sav.,SLD,4.6,,,2.0,
Kaišiadorių r. sav.,DAG,64.0,,,2.0,
Kaišiadorių r. sav.,PAG,22.0,,,2.0,
Kaišiadorių r. sav.,USS,2.9,,,1.0,
Kaišiadorių r. sav.,GSM,-17.7,,,2.0,
Kaišiadorių r. sav.,GSK,-16.0,,,2.0,
Kaišiadorių r. sav.,KGD,19.64,,,2.0,
Kaišiadorių r. sav.,M,33.0,,,2.0,
Kaišiadorių r. sav.,ZNP,52.0,,,3.0,
Kaišiadorių r. sav.,RIP,4.49,,,1.0,
Kaišiadorių r. sav.,NII,51.0,,,1.0,
Kaišiadorių r. sav.,INI,,,,,
Kaišiadorių r. sav.,PVI,26.8,,,2.0,
Kaišiadorių r. sav.,KNI,104.00,,,1.0,
Kaišiadorių r. sav.,NG,,,,,
Kaišiadorių r. sav.,PVA,3.7,,,1.0,
Kaišiadorių r. sav.,STP,14.0,,,3.0,
Kaišiadorių r. sav.,KPO,5.7,,,1.0,
Kauno m. sav.,NL,6.7,,,3.0,
Kauno m. sav.,IBD,21.6,,,3.0,
Kauno m. sav.,LLS,152.0,,,1.0,
Kauno m. sav.,MPM,11.9,,,2.0,
Kauno m. sav.,MMA,77.0,,,3.0,
Kauno m. sav.,EIS,1.74,,,2.0,
Kauno m. sav.,VTP,92.4,,,3.0,
Kauno m. sav.,KGP,98.0,,,3.0,
Kauno m. sav.,OUP,0.01,,,3.0,
Kauno m. sav.,KPD,62.0,,,3.0,
Kauno m. sav.,GVT,92.0,,,3.0,
Kauno m. sav.,VBN,89.0,,,3.0,
Kauno m. sav.,CTS,40.0,,,3.0,
Kauno m. sav.,NZP,40.0,,,1.0,
Kauno m. sav.,VTD,10.00,,,1.0,
Kauno m. sav.,OIT,"5,369.12",,,1.0,
Kauno m. sav.,EDD,,,,,
Kauno m. sav.,NDU,607.0,,,3.0,
Kauno m. sav.,TUI,4.0,,,2.0,
Kauno m. sav.,MIG,2.1,,,2.0,
Kauno m. sav.,PVG,7.4,,,3.0,
Kauno m. sav.,UGD,50.6,,,3.0,
Kauno m. sav.,NM,-0.01,,,2.0,
Kauno m. sav.,SLD,9.1,,,3.0,
Kauno m. sav.,DAG,61.0,,,2.0,
Kauno m. sav.,PAG,24.0,,,2.0,
Kauno m. sav.,USS,7.5,,,3.0,
Kauno m. sav.,GSM,-21.4,,,2.0,
Kauno m. sav.,GSK,,,,,
Kauno m. sav.,KGD,,,,,
Kauno m. sav.,M,18.0,,,1.0,
Kauno m. sav.,ZNP,13.0,,,1.0,
Kauno m. sav.,RIP,7.22,,,2.0,
Kauno m. sav.,NII,0.0,,,1.0,
Kauno m. sav.,INI,,,,,
Kauno m. sav.,PVI,301.7,,,3.0,
Kauno m. sav.,KNI,0.00,,,1.0,
Kauno m. sav.,NG,,,,,
Kauno m. sav.,PVA,61.0,,,3.0,
Kauno m. sav.,STP,13.0,,,3.0,
Kauno m. sav.,KPO,189.5,,,3.0,
Kauno r. sav.,NL,6.3,,,3.0,
Kauno r. sav.,IBD,23.8,,,2.0,
Kauno r. sav.,LLS,17.8,,,2.0,
Kauno r. sav.,MPM,13.5,,,3.0,
Kauno r. sav.,MMA,76.4,,,3.0,
Kauno r. sav.,EIS,0.9,,,3.0,
Kauno r. sav.,VTP,42.1,,,2.0,
Kauno r. sav.,KGP,18.0,,,2.0,
Kauno r. sav.,OUP,0.01,,,3.0,
Kauno r. sav.,KPD,40.0,,,2.0,
Kauno r. sav.,GVT,62.0,,,2.0,
Kauno r. sav.,VBN,52.0,,,2.0,
Kauno r. sav.,CTS,2.0,,,1.0,
Kauno r. sav.,NZP,45.0,,,1.0,
Kauno r. sav.,VTD,15.00,,,1.0,
Kauno r. sav.,OIT,452.68,,,3.0,
Kauno r. sav.,EDD,2.1,,,2.0,
Kauno r. sav.,NDU,568.0,,,2.0,
Kauno r. sav.,TUI,1.5,,,1.0,
Kauno r. sav.,MIG,1.8,,,2.0,
Kauno r. sav.,PVG,4.0,,,2.0,
Kauno r. sav.,UGD,45.5,,,2.0,
Kauno r. sav.,NM,0.02,,,3.0,
Kauno r. sav.,SLD,16.9,,,3.0,
Kauno r. sav.,DAG,64.0,,,2.0,
Kauno r. sav.,PAG,19.0,,,3.0,
Kauno r. sav.,USS,4.4,,,2.0,
Kauno r. sav.,GSM,-25.95,,,1.0,
Kauno r. sav.,GSK,20.6,,,3.0,
Kauno r. sav.,KGD,7.34,,,3.0,
Kauno r. sav.,M,33.0,,,2.0,
Kauno r. sav.,ZNP,51.0,,,2.0,
Kauno r. sav.,RIP,6.2,,,2.0,
Kauno r. sav.,NII,146.0,,,3.0,
Kauno r. sav.,INI,,,,,
Kauno r. sav.,PVI,16.5,,,1.0,
Kauno r. sav.,KNI,"1,219.00",,,3.0,
Kauno r. sav.,NG,,,,,
Kauno r. sav.,PVA,2.7,,,1.0,
Kauno r. sav.,STP,15.0,,,3.0,
Kauno r. sav.,KPO,5.1,,,1.0,
Kėdainių r. sav.,NL,7.5,,,3.0,
Kėdainių r. sav.,IBD,23.0,,,2.0,
Kėdainių r. sav.,LLS,52.6,,,3.0,
Kėdainių r. sav.,MPM,14.9,,,3.0,
Kėdainių r. sav.,MMA,68.5,,,1.0,
Kėdainių r. sav.,EIS,0.72,,,3.0,
Kėdainių r. sav.,VTP,31.3,,,2.0,
Kėdainių r. sav.,KGP,12.0,,,1.0,
Kėdainių r. sav.,OUP,0.03,,,3.0,
Kėdainių r. sav.,KPD,34.0,,,2.0,
Kėdainių r. sav.,GVT,73.0,,,3.0,
Kėdainių r. sav.,VBN,65.0,,,2.0,
Kėdainių r. sav.,CTS,23.0,,,2.0,
Kėdainių r. sav.,NZP,33.0,,,1.0,
Kėdainių r. sav.,VTD,0.00,,,1.0,
Kėdainių r. sav.,OIT,"2,035.44",,,1.0,
Kėdainių r. sav.,EDD,0.5,,,3.0,
Kėdainių r. sav.,NDU,604.0,,,2.0,
Kėdainių r. sav.,TUI,2.9,,,2.0,
Kėdainių r. sav.,MIG,1.5,,,2.0,
Kėdainių r. sav.,PVG,5.7,,,2.0,
Kėdainių r. sav.,UGD,44.0,,,2.0,
Kėdainių r. sav.,NM,-0.02,,,1.0,
Kėdainių r. sav.,SLD,5.0,,,2.0,
Kėdainių r. sav.,DAG,60.0,,,1.0,
Kėdainių r. sav.,PAG,25.0,,,2.0,
Kėdainių r. sav.,USS,3.7,,,2.0,
Kėdainių r. sav.,GSM,-22.22,,,1.0,
Kėdainių r. sav.,GSK,-28.0,,,1.0,
Kėdainių r. sav.,KGD,32.36,,,1.0,
Kėdainių r. sav.,M,25.0,,,2.0,
Kėdainių r. sav.,ZNP,65.0,,,3.0,
Kėdainių r. sav.,RIP,3.86,,,1.0,
Kėdainių r. sav.,NII,15.0,,,1.0,
Kėdainių r. sav.,INI,,,,,
Kėdainių r. sav.,PVI,38.7,,,2.0,
Kėdainių r. sav.,KNI,53.00,,,1.0,
Kėdainių r. sav.,NG,,,,,
Kėdainių r. sav.,PVA,6.2,,,2.0,
Kėdainių r. sav.,STP,11.0,,,3.0,
Kėdainių r. sav.,KPO,7.3,,,2.0,
Prienų r. sav.,NL,6.8,,,3.0,
Prienų r. sav.,IBD,32.0,,,2.0,
Prienų r. sav.,LLS,53.1,,,3.0,
Prienų r. sav.,MPM,17.0,,,3.0,
Prienų r. sav.,MMA,71.3,,,2.0,
Prienų r. sav.,EIS,0.77,,,3.0,
Prienų r. sav.,VTP,35.6,,,2.0,
Prienų r. sav.,KGP,8.0,,,1.0,
Prienų r. sav.,OUP,0.03,,,3.0,
Prienų r. sav.,KPD,26.0,,,1.0,
Prienų r. sav.,GVT,46.0,,,2.0,
Prienų r. sav.,VBN,33.0,,,1.0,
Prienų r. sav.,CTS,9.0,,,1.0,
Prienų r. sav.,NZP,41.0,,,1.0,
Prienų r. sav.,VTD,36.00,,,2.0,
Prienų r. sav.,OIT,128.14,,,3.0,
Prienų r. sav.,EDD,2.3,,,2.0,
Prienų r. sav.,NDU,478.0,,,1.0,
Prienų r. sav.,TUI,0.0,,,1.0,
Prienų r. sav.,MIG,0.5,,,1.0,
Prienų r. sav.,PVG,1.9,,,1.0,
Prienų r. sav.,UGD,42.3,,,2.0,
Prienų r. sav.,NM,-0.01,,,2.0,
Prienų r. sav.,SLD,4.4,,,1.0,
Prienų r. sav.,DAG,60.0,,,1.0,
Prienų r. sav.,PAG,26.0,,,2.0,
Prienų r. sav.,USS,2.8,,,1.0,
Prienų r. sav.,GSM,-20.15,,,2.0,
Prienų r. sav.,GSK,-24.0,,,1.0,
Prienų r. sav.,KGD,11.6,,,2.0,
Prienų r. sav.,M,28.0,,,2.0,
Prienų r. sav.,ZNP,58.0,,,3.0,
Prienų r. sav.,RIP,4.5,,,1.0,
Prienų r. sav.,NII,29.0,,,1.0,
Prienų r. sav.,INI,,,,,
Prienų r. sav.,PVI,9.7,,,1.0,
Prienų r. sav.,KNI,329.00,,,2.0,
Prienų r. sav.,NG,,,,,
Prienų r. sav.,PVA,1.4,,,1.0,
Prienų r. sav.,STP,15.0,,,3.0,
Prienų r. sav.,KPO,5.7,,,1.0,
Raseinių r. sav.,NL,9.0,,,2.0,
Raseinių r. sav.,IBD,25.6,,,2.0,
Raseinių r. sav.,LLS,54.4,,,3.0,
Raseinių r. sav.,MPM,14.9,,,3.0,
Raseinių r. sav.,MMA,68.4,,,1.0,
Raseinių r. sav.,EIS,1.86,,,2.0,
Raseinių r. sav.,VTP,28.1,,,2.0,
Raseinių r. sav.,KGP,0.0,,,1.0,
Raseinių r. sav.,OUP,0.04,,,3.0,
Raseinių r. sav.,KPD,31.0,,,1.0,
Raseinių r. sav.,GVT,68.0,,,2.0,
Raseinių r. sav.,VBN,45.0,,,2.0,
Raseinių r. sav.,CTS,9.0,,,1.0,
Raseinių r. sav.,NZP,33.0,,,1.0,
Raseinių r. sav.,VTD,58.00,,,2.0,
Raseinių r. sav.,OIT,279.69,,,3.0,
Raseinių r. sav.,EDD,3.2,,,1.0,
Raseinių r. sav.,NDU,491.0,,,1.0,
Raseinių r. sav.,TUI,0.7,,,1.0,
Raseinių r. sav.,MIG,0.9,,,1.0,
Raseinių r. sav.,PVG,2.9,,,1.0,
Raseinių r. sav.,UGD,43.7,,,2.0,
Raseinių r. sav.,NM,-0.02,,,1.0,
Raseinių r. sav.,SLD,4.4,,,1.0,
Raseinių r. sav.,DAG,60.0,,,1.0,
Raseinių r. sav.,PAG,25.0,,,2.0,
Raseinių r. sav.,USS,3.0,,,1.0,
Raseinių r. sav.,GSM,-16.92,,,2.0,
Raseinių r. sav.,GSK,-25.0,,,1.0,
Raseinių r. sav.,KGD,19.61,,,2.0,
Raseinių r. sav.,M,24.0,,,1.0,
Raseinių r. sav.,ZNP,67.0,,,3.0,
Raseinių r. sav.,RIP,4.2,,,1.0,
Raseinių r. sav.,NII,15.0,,,1.0,
Raseinių r. sav.,INI,,,,,
Raseinių r. sav.,PVI,11.8,,,1.0,
Raseinių r. sav.,KNI,75.00,,,1.0,
Raseinių r. sav.,NG,,,,,
Raseinių r. sav.,PVA,2.9,,,1.0,
Raseinių r. sav.,STP,11.0,,,3.0,
Raseinių r. sav.,KPO,4.4,,,1.0,
Klaipėdos m. sav.,NL,6.4,,,3.0,
Klaipėdos m. sav.,IBD,12.8,,,3.0,
Klaipėdos m. sav.,LLS,170.0,,,1.0,
Klaipėdos m. sav.,MPM,11.0,,,2.0,
Klaipėdos m. sav.,MMA,78.0,,,3.0,
Klaipėdos m. sav.,EIS,1.5,,,2.0,
Klaipėdos m. sav.,VTP,84.1,,,3.0,
Klaipėdos m. sav.,KGP,93.0,,,3.0,
Klaipėdos m. sav.,OUP,0.02,,,3.0,
Klaipėdos m. sav.,KPD,84.0,,,3.0,
Klaipėdos m. sav.,GVT,91.0,,,3.0,
Klaipėdos m. sav.,VBN,87.0,,,3.0,
Klaipėdos m. sav.,CTS,31.0,,,2.0,
Klaipėdos m. sav.,NZP,55.0,,,2.0,
Klaipėdos m. sav.,VTD,33.00,,,1.0,
Klaipėdos m. sav.,OIT,"2,959.69",,,1.0,
Klaipėdos m. sav.,EDD,,,,,
Klaipėdos m. sav.,NDU,633.6,,,3.0,
Klaipėdos m. sav.,TUI,5.5,,,3.0,
Klaipėdos m. sav.,MIG,3.4,,,3.0,
Klaipėdos m. sav.,PVG,9.0,,,3.0,
Klaipėdos m. sav.,UGD,49.8,,,3.0,
Klaipėdos m. sav.,NM,-0.02,,,1.0,
Klaipėdos m. sav.,SLD,3.8,,,1.0,
Klaipėdos m. sav.,DAG,61.0,,,2.0,
Klaipėdos m. sav.,PAG,22.0,,,2.0,
Klaipėdos m. sav.,USS,6.9,,,3.0,
Klaipėdos m. sav.,GSM,-20.02,,,2.0,
Klaipėdos m. sav.,GSK,,,,,
Klaipėdos m. sav.,KGD,,,,,
Klaipėdos m. sav.,M,20.0,,,1.0,
Klaipėdos m. sav.,ZNP,18.0,,,1.0,
Klaipėdos m. sav.,RIP,8.06,,,3.0,
Klaipėdos m. sav.,NII,0.0,,,1.0,
Klaipėdos m. sav.,INI,,,,,
Klaipėdos m. sav.,PVI,124.1,,,3.0,
Klaipėdos m. sav.,KNI,0.00,,,1.0,
Klaipėdos m. sav.,NG,,,,,
Klaipėdos m. sav.,PVA,28.8,,,3.0,
Klaipėdos m. sav.,STP,10.0,,,3.0,
Klaipėdos m. sav.,KPO,88.6,,,3.0,
Klaipėdos r. sav.,NL,6.0,,,3.0,
Klaipėdos r. sav.,IBD,3.3,,,3.0,
Klaipėdos r. sav.,LLS,29.1,,,2.0,
Klaipėdos r. sav.,MPM,12.4,,,2.0,
Klaipėdos r. sav.,MMA,76.2,,,2.0,
Klaipėdos r. sav.,EIS,1.4,,,2.0,
Klaipėdos r. sav.,VTP,37.6,,,2.0,
Klaipėdos r. sav.,KGP,11.0,,,1.0,
Klaipėdos r. sav.,OUP,0.03,,,3.0,
Klaipėdos r. sav.,KPD,37.0,,,2.0,
Klaipėdos r. sav.,GVT,91.0,,,3.0,
Klaipėdos r. sav.,VBN,87.0,,,3.0,
Klaipėdos r. sav.,CTS,31.0,,,2.0,
Klaipėdos r. sav.,NZP,47.0,,,1.0,
Klaipėdos r. sav.,VTD,70.00,,,3.0,
Klaipėdos r. sav.,OIT,"1,189.26",,,2.0,
Klaipėdos r. sav.,EDD,1.5,,,2.0,
Klaipėdos r. sav.,NDU,555.0,,,2.0,
Klaipėdos r. sav.,TUI,3.5,,,2.0,
Klaipėdos r. sav.,MIG,4.6,,,3.0,
Klaipėdos r. sav.,PVG,5.1,,,2.0,
Klaipėdos r. sav.,UGD,46.0,,,2.0,
Klaipėdos r. sav.,NM,0.02,,,3.0,
Klaipėdos r. sav.,SLD,22.7,,,3.0,
Klaipėdos r. sav.,DAG,64.0,,,2.0,
Klaipėdos r. sav.,PAG,18.0,,,3.0,
Klaipėdos r. sav.,USS,4.6,,,2.0,
Klaipėdos r. sav.,GSM,-4.89,,,3.0,
Klaipėdos r. sav.,GSK,27.6,,,3.0,
Klaipėdos r. sav.,KGD,4.03,,,3.0,
Klaipėdos r. sav.,M,26.0,,,2.0,
Klaipėdos r. sav.,ZNP,52.0,,,3.0,
Klaipėdos r. sav.,RIP,8.84,,,3.0,
Klaipėdos r. sav.,NII,105.0,,,2.0,
Klaipėdos r. sav.,INI,14.5,,,3.0,
Klaipėdos r. sav.,PVI,15.1,,,1.0,
Klaipėdos r. sav.,KNI,"1,068.00",,,3.0,
Klaipėdos r. sav.,NG,28.0,,,3.0,
Klaipėdos r. sav.,PVA,4.3,,,1.0,
Klaipėdos r. sav.,STP,20.0,,,3.0,
Klaipėdos r. sav.,KPO,10.9,,,3.0,
Kretingos r. sav.,NL,4.9,,,3.0,
Kretingos r. sav.,IBD,12.8,,,3.0,
Kretingos r. sav.,LLS,50.6,,,3.0,
Kretingos r. sav.,MPM,13.3,,,3.0,
Kretingos r. sav.,MMA,72.0,,,2.0,
Kretingos r. sav.,EIS,1.1,,,3.0,
Kretingos r. sav.,VTP,34.2,,,2.0,
Kretingos r. sav.,KGP,17.0,,,2.0,
Kretingos r. sav.,OUP,0.01,,,3.0,
Kretingos r. sav.,KPD,31.0,,,1.0,
Kretingos r. sav.,GVT,27.0,,,1.0,
Kretingos r. sav.,VBN,23.0,,,1.0,
Kretingos r. sav.,CTS,,,,,
Kretingos r. sav.,NZP,44.0,,,1.0,
Kretingos r. sav.,VTD,57.00,,,2.0,
Kretingos r. sav.,OIT,130.04,,,3.0,
Kretingos r. sav.,EDD,1.8,,,2.0,
Kretingos r. sav.,NDU,489.0,,,1.0,
Kretingos r. sav.,TUI,0.3,,,1.0,
Kretingos r. sav.,MIG,1.0,,,1.0,
Kretingos r. sav.,PVG,2.5,,,1.0,
Kretingos r. sav.,UGD,54.2,,,3.0,
Kretingos r. sav.,NM,-0.01,,,2.0,
Kretingos r. sav.,SLD,7.9,,,3.0,
Kretingos r. sav.,DAG,61.0,,,2.0,
Kretingos r. sav.,PAG,22.0,,,2.0,
Kretingos r. sav.,USS,3.8,,,2.0,
Kretingos r. sav.,GSM,-15.32,,,2.0,
Kretingos r. sav.,GSK,-13.0,,,2.0,
Kretingos r. sav.,KGD,13.54,,,2.0,
Kretingos r. sav.,M,35.0,,,2.0,
Kretingos r. sav.,ZNP,56.0,,,3.0,
Kretingos r. sav.,RIP,4.87,,,1.0,
Kretingos r. sav.,NII,5.0,,,1.0,
Kretingos r. sav.,INI,9.2,,,2.0,
Kretingos r. sav.,PVI,13.9,,,1.0,
Kretingos r. sav.,KNI,60.00,,,1.0,
Kretingos r. sav.,NG,27.0,,,3.0,
Kretingos r. sav.,PVA,3.3,,,1.0,
Kretingos r. sav.,STP,15.0,,,3.0,
Kretingos r. sav.,KPO,14.9,,,3.0,
Neringos sav.,NL,5.3,,,3.0,
Neringos sav.,IBD,48.0,,,1.0,
Neringos sav.,LLS,32.3,,,2.0,
Neringos sav.,MPM,34.5,,,1.0,
Neringos sav.,MMA,74.0,,,2.0,
Neringos sav.,EIS,1.0,,,3.0,
Neringos sav.,VTP,23.3,,,1.0,
Neringos sav.,KGP,4.0,,,1.0,
Neringos sav.,OUP,0.06,,,2.0,
Neringos sav.,KPD,95.0,,,3.0,
Neringos sav.,GVT,97.0,,,3.0,
Neringos sav.,VBN,99.0,,,3.0,
Neringos sav.,CTS,,,,,
Neringos sav.,NZP,98.0,,,3.0,
Neringos sav.,VTD,-,,,3.0,
Neringos sav.,OIT,53.88,,,3.0,
Neringos sav.,EDD,,,,,
Neringos sav.,NDU,506.0,,,1.0,
Neringos sav.,TUI,2.8,,,2.0,
Neringos sav.,MIG,2.0,,,2.0,
Neringos sav.,PVG,6.7,,,3.0,
Neringos sav.,UGD,72.8,,,3.0,
Neringos sav.,NM,0.02,,,3.0,
Neringos sav.,SLD,24.8,,,3.0,
Neringos sav.,DAG,68.0,,,3.0,
Neringos sav.,PAG,17.0,,,3.0,
Neringos sav.,USS,11.0,,,3.0,
Neringos sav.,GSM,26.57,,,3.0,
Neringos sav.,GSK,,,,,
Neringos sav.,KGD,,,,,
Neringos sav.,M,83.0,,,3.0,
Neringos sav.,ZNP,0.0,,,1.0,
Neringos sav.,RIP,10.11,,,3.0,
Neringos sav.,NII,0.0,,,1.0,
Neringos sav.,INI,,,,,
Neringos sav.,PVI,3.7,,,1.0,
Neringos sav.,KNI,0.00,,,1.0,
Neringos sav.,NG,,,,,
Neringos sav.,PVA,0.2,,,1.0,
Neringos sav.,STP,100.0,,,1.0,
Neringos sav.,KPO,48.0,,,3.0,
Palangos m. sav.,NL,8.0,,,3.0,
Palangos m. sav.,IBD,16.4,,,3.0,
Palangos m. sav.,LLS,204.0,,,1.0,
Palangos m. sav.,MPM,15.2,,,3.0,
Palangos m. sav.,MMA,71.9,,,2.0,
Palangos m. sav.,EIS,1.5,,,2.0,
Palangos m. sav.,VTP,59.2,,,3.0,
Palangos m. sav.,KGP,0.0,,,1.0,
Palangos m. sav.,OUP,0.01,,,3.0,
Palangos m. sav.,KPD,43.0,,,2.0,
Palangos m. sav.,GVT,96.0,,,3.0,
Palangos m. sav.,VBN,95.0,,,3.0,
Palangos m. sav.,CTS,,,,,
Palangos m. sav.,NZP,67.0,,,2.0,
Palangos m. sav.,VTD,23.00,,,1.0,
Palangos m. sav.,OIT,272.52,,,3.0,
Palangos m. sav.,EDD,,,,,
Palangos m. sav.,NDU,467.0,,,1.0,
Palangos m. sav.,TUI,2.3,,,2.0,
Palangos m. sav.,MIG,2.2,,,2.0,
Palangos m. sav.,PVG,4.9,,,2.0,
Palangos m. sav.,UGD,45.7,,,2.0,
Palangos m. sav.,NM,0.0,,,2.0,
Palangos m. sav.,SLD,28.4,,,3.0,
Palangos m. sav.,DAG,60.0,,,1.0,
Palangos m. sav.,PAG,26.0,,,2.0,
Palangos m. sav.,USS,7.6,,,3.0,
Palangos m. sav.,GSM,-11.81,,,3.0,
Palangos m. sav.,GSK,,,,,
Palangos m. sav.,KGD,,,,,
Palangos m. sav.,M,39.0,,,2.0,
Palangos m. sav.,ZNP,32.0,,,2.0,
Palangos m. sav.,RIP,9.02,,,3.0,
Palangos m. sav.,NII,3.0,,,1.0,
Palangos m. sav.,INI,1.3,,,1.0,
Palangos m. sav.,PVI,36.5,,,2.0,
Palangos m. sav.,KNI,24.00,,,1.0,
Palangos m. sav.,NG,7.0,,,1.0,
Palangos m. sav.,PVA,4.5,,,2.0,
Palangos m. sav.,STP,5.0,,,2.0,
Palangos m. sav.,KPO,32.1,,,3.0,
Skuodo r. sav.,NL,8.0,,,3.0,
Skuodo r. sav.,IBD,46.7,,,1.0,
Skuodo r. sav.,LLS,13.1,,,2.0,
Skuodo r. sav.,MPM,16.6,,,3.0,
Skuodo r. sav.,MMA,66.5,,,1.0,
Skuodo r. sav.,EIS,0.6,,,3.0,
Skuodo r. sav.,VTP,33.3,,,2.0,
Skuodo r. sav.,KGP,0.0,,,1.0,
Skuodo r. sav.,OUP,0.03,,,3.0,
Skuodo r. sav.,KPD,28.0,,,1.0,
Skuodo r. sav.,GVT,59.0,,,2.0,
Skuodo r. sav.,VBN,42.0,,,2.0,
Skuodo r. sav.,CTS,10.0,,,1.0,
Skuodo r. sav.,NZP,29.0,,,1.0,
Skuodo r. sav.,VTD,67.00,,,3.0,
Skuodo r. sav.,OIT,97.04,,,3.0,
Skuodo r. sav.,EDD,0.8,,,3.0,
Skuodo r. sav.,NDU,465.0,,,1.0,
Skuodo r. sav.,TUI,0.2,,,1.0,
Skuodo r. sav.,MIG,0.3,,,1.0,
Skuodo r. sav.,PVG,1.2,,,1.0,
Skuodo r. sav.,UGD,49.8,,,3.0,
Skuodo r. sav.,NM,-0.02,,,1.0,
Skuodo r. sav.,SLD,3.4,,,1.0,
Skuodo r. sav.,DAG,60.0,,,1.0,
Skuodo r. sav.,PAG,26.0,,,2.0,
Skuodo r. sav.,USS,2.6,,,1.0,
Skuodo r. sav.,GSM,-26.44,,,1.0,
Skuodo r. sav.,GSK,-31.0,,,1.0,
Skuodo r. sav.,KGD,5.78,,,3.0,
Skuodo r. sav.,M,42.0,,,2.0,
Skuodo r. sav.,ZNP,71.0,,,3.0,
Skuodo r. sav.,RIP,4.01,,,1.0,
Skuodo r. sav.,NII,1.0,,,1.0,
Skuodo r. sav.,INI,,,,,
Skuodo r. sav.,PVI,2.3,,,1.0,
Skuodo r. sav.,KNI,16.00,,,1.0,
Skuodo r. sav.,NG,,,,,
Skuodo r. sav.,PVA,0.0,,,1.0,
Skuodo r. sav.,STP,39.0,,,1.0,
Skuodo r. sav.,KPO,5.0,,,1.0,
Šilutės r. sav.,NL,12.2,,,1.0,
Šilutės r. sav.,IBD,23.0,,,2.0,
Šilutės r. sav.,LLS,86.5,,,3.0,
Šilutės r. sav.,MPM,14.8,,,3.0,
Šilutės r. sav.,MMA,70.7,,,1.0,
Šilutės r. sav.,EIS,0.9,,,3.0,
Šilutės r. sav.,VTP,19.5,,,1.0,
Šilutės r. sav.,KGP,0.0,,,1.0,
Šilutės r. sav.,OUP,0.05,,,3.0,
Šilutės r. sav.,KPD,22.0,,,1.0,
Šilutės r. sav.,GVT,70.0,,,2.0,
Šilutės r. sav.,VBN,58.0,,,2.0,
Šilutės r. sav.,CTS,10.0,,,1.0,
Šilutės r. sav.,NZP,52.0,,,2.0,
Šilutės r. sav.,VTD,59.00,,,2.0,
Šilutės r. sav.,OIT,394.02,,,3.0,
Šilutės r. sav.,EDD,0.6,,,3.0,
Šilutės r. sav.,NDU,487.0,,,1.0,
Šilutės r. sav.,TUI,0.9,,,1.0,
Šilutės r. sav.,MIG,0.7,,,1.0,
Šilutės r. sav.,PVG,2.6,,,1.0,
Šilutės r. sav.,UGD,34.3,,,1.0,
Šilutės r. sav.,NM,-0.02,,,1.0,
Šilutės r. sav.,SLD,5.3,,,2.0,
Šilutės r. sav.,DAG,62.0,,,2.0,
Šilutės r. sav.,PAG,22.0,,,2.0,
Šilutės r. sav.,USS,3.7,,,2.0,
Šilutės r. sav.,GSM,-23.07,,,1.0,
Šilutės r. sav.,GSK,-27.0,,,1.0,
Šilutės r. sav.,KGD,5.05,,,3.0,
Šilutės r. sav.,M,11.0,,,1.0,
Šilutės r. sav.,ZNP,49.0,,,2.0,
Šilutės r. sav.,RIP,8.53,,,3.0,
Šilutės r. sav.,NII,111.0,,,2.0,
Šilutės r. sav.,INI,0.3,,,1.0,
Šilutės r. sav.,PVI,15.0,,,1.0,
Šilutės r. sav.,KNI,415.00,,,2.0,
Šilutės r. sav.,NG,15.0,,,2.0,
Šilutės r. sav.,PVA,3.9,,,1.0,
Šilutės r. sav.,STP,10.0,,,3.0,
Šilutės r. sav.,KPO,5.7,,,1.0,
Kalvarijos sav.,NL,14.6,,,1.0,
Kalvarijos sav.,IBD,34.5,,,2.0,
Kalvarijos sav.,LLS,36.1,,,3.0,
Kalvarijos sav.,MPM,11.5,,,2.0,
Kalvarijos sav.,MMA,72.3,,,2.0,
Kalvarijos sav.,EIS,0.63,,,3.0,
Kalvarijos sav.,VTP,25.8,,,2.0,
Kalvarijos sav.,KGP,1.0,,,1.0,
Kalvarijos sav.,OUP,0.05,,,3.0,
Kalvarijos sav.,KPD,29.0,,,1.0,
Kalvarijos sav.,GVT,,,,,
Kalvarijos sav.,VBN,,,,,
Kalvarijos sav.,CTS,,,,,
Kalvarijos sav.,NZP,29.0,,,1.0,
Kalvarijos sav.,VTD,65.00,,,2.0,
Kalvarijos sav.,OIT,185.19,,,3.0,
Kalvarijos sav.,EDD,1.3,,,3.0,
Kalvarijos sav.,NDU,455.0,,,1.0,
Kalvarijos sav.,TUI,0.0,,,1.0,
Kalvarijos sav.,MIG,0.6,,,1.0,
Kalvarijos sav.,PVG,1.5,,,1.0,
Kalvarijos sav.,UGD,37.1,,,1.0,
Kalvarijos sav.,NM,-0.02,,,1.0,
Kalvarijos sav.,SLD,4.0,,,1.0,
Kalvarijos sav.,DAG,61.0,,,2.0,
Kalvarijos sav.,PAG,21.0,,,3.0,
Kalvarijos sav.,USS,1.9,,,1.0,
Kalvarijos sav.,GSM,-16.99,,,2.0,
Kalvarijos sav.,GSK,-19.0,,,1.0,
Kalvarijos sav.,KGD,11.38,,,2.0,
Kalvarijos sav.,M,14.0,,,1.0,
Kalvarijos sav.,ZNP,73.0,,,3.0,
Kalvarijos sav.,RIP,3.91,,,1.0,
Kalvarijos sav.,NII,36.0,,,1.0,
Kalvarijos sav.,INI,,,,,
Kalvarijos sav.,PVI,1.8,,,1.0,
Kalvarijos sav.,KNI,111.00,,,1.0,
Kalvarijos sav.,NG,,,,,
Kalvarijos sav.,PVA,0.9,,,1.0,
Kalvarijos sav.,STP,47.0,,,1.0,
Kalvarijos sav.,KPO,5.2,,,1.0,
Kazlų Rūdos sav.,NL,11.4,,,2.0,
Kazlų Rūdos sav.,IBD,37.9,,,2.0,
Kazlų Rūdos sav.,LLS,33.0,,,2.0,
Kazlų Rūdos sav.,MPM,26.2,,,1.0,
Kazlų Rūdos sav.,MMA,74.7,,,2.0,
Kazlų Rūdos sav.,EIS,0.9,,,3.0,
Kazlų Rūdos sav.,VTP,14.0,,,1.0,
Kazlų Rūdos sav.,KGP,38.0,,,3.0,
Kazlų Rūdos sav.,OUP,0.03,,,3.0,
Kazlų Rūdos sav.,KPD,23.0,,,1.0,
Kazlų Rūdos sav.,GVT,63.0,,,2.0,
Kazlų Rūdos sav.,VBN,65.0,,,2.0,
Kazlų Rūdos sav.,CTS,16.0,,,1.0,
Kazlų Rūdos sav.,NZP,69.0,,,2.0,
Kazlų Rūdos sav.,VTD,62.00,,,2.0,
Kazlų Rūdos sav.,OIT,729.74,,,2.0,
Kazlų Rūdos sav.,EDD,2.1,,,2.0,
Kazlų Rūdos sav.,NDU,573.0,,,2.0,
Kazlų Rūdos sav.,TUI,7.4,,,3.0,
Kazlų Rūdos sav.,MIG,1.1,,,1.0,
Kazlų Rūdos sav.,PVG,4.9,,,2.0,
Kazlų Rūdos sav.,UGD,42.0,,,2.0,
Kazlų Rūdos sav.,NM,-0.02,,,1.0,
Kazlų Rūdos sav.,SLD,5.3,,,2.0,
Kazlų Rūdos sav.,DAG,60.0,,,1.0,
Kazlų Rūdos sav.,PAG,23.0,,,2.0,
Kazlų Rūdos sav.,USS,3.3,,,1.0,
Kazlų Rūdos sav.,GSM,-16.81,,,2.0,
Kazlų Rūdos sav.,GSK,-17.0,,,1.0,
Kazlų Rūdos sav.,KGD,12.22,,,2.0,
Kazlų Rūdos sav.,M,60.0,,,3.0,
Kazlų Rūdos sav.,ZNP,30.0,,,2.0,
Kazlų Rūdos sav.,RIP,4.93,,,1.0,
Kazlų Rūdos sav.,NII,2.0,,,1.0,
Kazlų Rūdos sav.,INI,,,,,
Kazlų Rūdos sav.,PVI,1.9,,,1.0,
Kazlų Rūdos sav.,KNI,0.00,,,1.0,
Kazlų Rūdos sav.,NG,,,,,
Kazlų Rūdos sav.,PVA,1.5,,,1.0,
Kazlų Rūdos sav.,STP,4.0,,,2.0,
Kazlų Rūdos sav.,KPO,2.4,,,1.0,
Marijampolės sav.,NL,8.0,,,3.0,
Marijampolės sav.,IBD,27.9,,,2.0,
Marijampolės sav.,LLS,73.7,,,3.0,
Marijampolės sav.,MPM,12.8,,,2.0,
Marijampolės sav.,MMA,76.1,,,2.0,
Marijampolės sav.,EIS,0.8,,,3.0,
Marijampolės sav.,VTP,36.2,,,2.0,
Marijampolės sav.,KGP,27.0,,,2.0,
Marijampolės sav.,OUP,0.04,,,3.0,
Marijampolės sav.,KPD,35.0,,,2.0,
Marijampolės sav.,GVT,87.0,,,3.0,
Marijampolės sav.,VBN,79.0,,,3.0,
Marijampolės sav.,CTS,22.0,,,2.0,
Marijampolės sav.,NZP,24.0,,,1.0,
Marijampolės sav.,VTD,52.00,,,2.0,
Marijampolės sav.,OIT,931.34,,,2.0,
Marijampolės sav.,EDD,0.4,,,3.0,
Marijampolės sav.,NDU,518.0,,,1.0,
Marijampolės sav.,TUI,0.4,,,1.0,
Marijampolės sav.,MIG,1.9,,,2.0,
Marijampolės sav.,PVG,4.0,,,2.0,
Marijampolės sav.,UGD,,,,3.0,
Marijampolės sav.,NM,-0.02,,,1.0,
Marijampolės sav.,SLD,5.6,,,2.0,
Marijampolės sav.,DAG,63.0,,,2.0,
Marijampolės sav.,PAG,21.0,,,3.0,
Marijampolės sav.,USS,4.3,,,2.0,
Marijampolės sav.,GSM,-22.76,,,1.0,
Marijampolės sav.,GSK,-12.0,,,2.0,
Marijampolės sav.,KGD,13.12,,,2.0,
Marijampolės sav.,M,15.0,,,1.0,
Marijampolės sav.,ZNP,71.0,,,3.0,
Marijampolės sav.,RIP,4.42,,,1.0,
Marijampolės sav.,NII,0.0,,,1.0,
Marijampolės sav.,INI,,,,,
Marijampolės sav.,PVI,30.1,,,2.0,
Marijampolės sav.,KNI,0.00,,,1.0,
Marijampolės sav.,NG,,,,,
Marijampolės sav.,PVA,5.0,,,2.0,
Marijampolės sav.,STP,15.0,,,3.0,
Marijampolės sav.,KPO,8.0,,,2.0,
Šakių r. sav.,NL,9.6,,,2.0,
Šakių r. sav.,IBD,53.8,,,1.0,
Šakių r. sav.,LLS,43.2,,,3.0,
Šakių r. sav.,MPM,16.7,,,3.0,
Šakių r. sav.,MMA,73.4,,,2.0,
Šakių r. sav.,EIS,0.82,,,3.0,
Šakių r. sav.,VTP,8.1,,,1.0,
Šakių r. sav.,KGP,2.0,,,1.0,
Šakių r. sav.,OUP,0.04,,,3.0,
Šakių r. sav.,KPD,30.0,,,1.0,
Šakių r. sav.,GVT,71.0,,,2.0,
Šakių r. sav.,VBN,43.0,,,2.0,
Šakių r. sav.,CTS,6.0,,,1.0,
Šakių r. sav.,NZP,30.0,,,1.0,
Šakių r. sav.,VTD,7.00,,,1.0,
Šakių r. sav.,OIT,222.63,,,3.0,
Šakių r. sav.,EDD,1.6,,,2.0,
Šakių r. sav.,NDU,487.0,,,1.0,
Šakių r. sav.,TUI,0.5,,,1.0,
Šakių r. sav.,MIG,0.9,,,1.0,
Šakių r. sav.,PVG,1.5,,,1.0,
Šakių r. sav.,UGD,39.1,,,2.0,
Šakių r. sav.,NM,-0.02,,,1.0,
Šakių r. sav.,SLD,3.3,,,1.0,
Šakių r. sav.,DAG,61.0,,,2.0,
Šakių r. sav.,PAG,24.0,,,2.0,
Šakių r. sav.,USS,2.7,,,1.0,
Šakių r. sav.,GSM,-18.2,,,2.0,
Šakių r. sav.,GSK,-25.0,,,1.0,
Šakių r. sav.,KGD,15.94,,,2.0,
Šakių r. sav.,M,23.0,,,1.0,
Šakių r. sav.,ZNP,68.0,,,3.0,
Šakių r. sav.,RIP,4.39,,,1.0,
Šakių r. sav.,NII,25.0,,,1.0,
Šakių r. sav.,INI,,,,,
Šakių r. sav.,PVI,15.3,,,1.0,
Šakių r. sav.,KNI,0.00,,,1.0,
Šakių r. sav.,NG,,,,,
Šakių r. sav.,PVA,3.6,,,1.0,
Šakių r. sav.,STP,5.0,,,2.0,
Šakių r. sav.,KPO,4.8,,,1.0,
Vilkaviškio r. sav.,NL,10.0,,,2.0,
Vilkaviškio r. sav.,IBD,38.7,,,2.0,
Vilkaviškio r. sav.,LLS,46.2,,,3.0,
Vilkaviškio r. sav.,MPM,15.0,,,3.0,
Vilkaviškio r. sav.,MMA,68.9,,,1.0,
Vilkaviškio r. sav.,EIS,0.55,,,3.0,
Vilkaviškio r. sav.,VTP,31.4,,,2.0,
Vilkaviškio r. sav.,KGP,23.0,,,2.0,
Vilkaviškio r. sav.,OUP,0.05,,,3.0,
Vilkaviškio r. sav.,KPD,34.0,,,2.0,
Vilkaviškio r. sav.,GVT,66.0,,,2.0,
Vilkaviškio r. sav.,VBN,49.0,,,2.0,
Vilkaviškio r. sav.,CTS,10.0,,,1.0,
Vilkaviškio r. sav.,NZP,23.0,,,1.0,
Vilkaviškio r. sav.,VTD,35.00,,,2.0,
Vilkaviškio r. sav.,OIT,190.33,,,3.0,
Vilkaviškio r. sav.,EDD,1.2,,,3.0,
Vilkaviškio r. sav.,NDU,466.1,,,1.0,
Vilkaviškio r. sav.,TUI,0.1,,,1.0,
Vilkaviškio r. sav.,MIG,0.5,,,1.0,
Vilkaviškio r. sav.,PVG,1.5,,,1.0,
Vilkaviškio r. sav.,UGD,37.3,,,1.0,
Vilkaviškio r. sav.,NM,-0.02,,,1.0,
Vilkaviškio r. sav.,SLD,4.0,,,1.0,
Vilkaviškio r. sav.,DAG,60.0,,,1.0,
Vilkaviškio r. sav.,PAG,24.0,,,2.0,
Vilkaviškio r. sav.,USS,2.2,,,1.0,
Vilkaviškio r. sav.,GSM,-22.09,,,1.0,
Vilkaviškio r. sav.,GSK,-24.0,,,1.0,
Vilkaviškio r. sav.,KGD,18.21,,,2.0,
Vilkaviškio r. sav.,M,11.0,,,1.0,
Vilkaviškio r. sav.,ZNP,78.0,,,3.0,
Vilkaviškio r. sav.,RIP,4.29,,,1.0,
Vilkaviškio r. sav.,NII,21.0,,,1.0,
Vilkaviškio r. sav.,INI,,,,,
Vilkaviškio r. sav.,PVI,28.5,,,2.0,
Vilkaviškio r. sav.,KNI,182.00,,,1.0,
Vilkaviškio r. sav.,NG,,,,,
Vilkaviškio r. sav.,PVA,3.0,,,1.0,
Vilkaviškio r. sav.,STP,9.0,,,3.0,
Vilkaviškio r. sav.,KPO,7.0,,,2.0,
Biržų r. sav.,NL,8.9,,,2.0,
Biržų r. sav.,IBD,37.8,,,2.0,
Biržų r. sav.,LLS,59.2,,,3.0,
Biržų r. sav.,MPM,22.3,,,2.0,
Biržų r. sav.,MMA,70.7,,,1.0,
Biržų r. sav.,EIS,3.73,,,1.0,
Biržų r. sav.,VTP,34.5,,,2.0,
Biržų r. sav.,KGP,0.0,,,1.0,
Biržų r. sav.,OUP,0.1,,,2.0,
Biržų r. sav.,KPD,24.0,,,1.0,
Biržų r. sav.,GVT,35.0,,,1.0,
Biržų r. sav.,VBN,40.0,,,1.0,
Biržų r. sav.,CTS,10.0,,,1.0,
Biržų r. sav.,NZP,36.0,,,1.0,
Biržų r. sav.,VTD,32.00,,,1.0,
Biržų r. sav.,OIT,225.97,,,3.0,
Biržų r. sav.,EDD,0.4,,,3.0,
Biržų r. sav.,NDU,490.8,,,1.0,
Biržų r. sav.,TUI,0.5,,,1.0,
Biržų r. sav.,MIG,0.5,,,1.0,
Biržų r. sav.,PVG,1.8,,,1.0,
Biržų r. sav.,UGD,45.2,,,2.0,
Biržų r. sav.,NM,-0.02,,,1.0,
Biržų r. sav.,SLD,4.8,,,2.0,
Biržų r. sav.,DAG,59.0,,,1.0,
Biržų r. sav.,PAG,28.0,,,1.0,
Biržų r. sav.,USS,2.8,,,1.0,
Biržų r. sav.,GSM,-26.04,,,1.0,
Biržų r. sav.,GSK,-30.2,,,1.0,
Biržų r. sav.,KGD,31.36,,,1.0,
Biržų r. sav.,M,27.0,,,2.0,
Biržų r. sav.,ZNP,63.0,,,3.0,
Biržų r. sav.,RIP,4.46,,,1.0,
Biržų r. sav.,NII,20.0,,,1.0,
Biržų r. sav.,INI,,,,,
Biržų r. sav.,PVI,21.7,,,1.0,
Biržų r. sav.,KNI,125.00,,,1.0,
Biržų r. sav.,NG,,,,,
Biržų r. sav.,PVA,2.9,,,1.0,
Biržų r. sav.,STP,22.0,,,3.0,
Biržų r. sav.,KPO,5.6,,,1.0,
Kupiškio r. sav.,NL,12.4,,,1.0,
Kupiškio r. sav.,IBD,34.1,,,2.0,
Kupiškio r. sav.,LLS,45.3,,,3.0,
Kupiškio r. sav.,MPM,20.3,,,2.0,
Kupiškio r. sav.,MMA,71.1,,,2.0,
Kupiškio r. sav.,EIS,1.0,,,3.0,
Kupiškio r. sav.,VTP,34.2,,,2.0,
Kupiškio r. sav.,KGP,7.0,,,1.0,
Kupiškio r. sav.,OUP,0.08,,,2.0,
Kupiškio r. sav.,KPD,28.0,,,1.0,
Kupiškio r. sav.,GVT,72.0,,,3.0,
Kupiškio r. sav.,VBN,61.0,,,2.0,
Kupiškio r. sav.,CTS,19.0,,,1.0,
Kupiškio r. sav.,NZP,41.0,,,1.0,
Kupiškio r. sav.,VTD,29.00,,,1.0,
Kupiškio r. sav.,OIT,322.89,,,3.0,
Kupiškio r. sav.,EDD,0.7,,,3.0,
Kupiškio r. sav.,NDU,465.0,,,1.0,
Kupiškio r. sav.,TUI,0.2,,,1.0,
Kupiškio r. sav.,MIG,0.5,,,1.0,
Kupiškio r. sav.,PVG,1.9,,,1.0,
Kupiškio r. sav.,UGD,36.2,,,1.0,
Kupiškio r. sav.,NM,-0.02,,,1.0,
Kupiškio r. sav.,SLD,3.6,,,1.0,
Kupiškio r. sav.,DAG,59.0,,,1.0,
Kupiškio r. sav.,PAG,27.0,,,1.0,
Kupiškio r. sav.,USS,2.7,,,1.0,
Kupiškio r. sav.,GSM,-22.04,,,1.0,
Kupiškio r. sav.,GSK,-29.0,,,1.0,
Kupiškio r. sav.,KGD,25.89,,,1.0,
Kupiškio r. sav.,M,30.0,,,2.0,
Kupiškio r. sav.,ZNP,58.0,,,3.0,
Kupiškio r. sav.,RIP,4.4,,,1.0,
Kupiškio r. sav.,NII,54.0,,,1.0,
Kupiškio r. sav.,INI,,,,,
Kupiškio r. sav.,PVI,9.0,,,1.0,
Kupiškio r. sav.,KNI,293.00,,,2.0,
Kupiškio r. sav.,NG,,,,,
Kupiškio r. sav.,PVA,1.2,,,1.0,
Kupiškio r. sav.,STP,10.0,,,3.0,
Kupiškio r. sav.,KPO,6.9,,,2.0,
Panevėžio m. sav.,NL,7.4,,,3.0,
Panevėžio m. sav.,IBD,30.7,,,2.0,
Panevėžio m. sav.,LLS,18.7,,,2.0,
Panevėžio m. sav.,MPM,11.9,,,2.0,
Panevėžio m. sav.,MMA,77.7,,,3.0,
Panevėžio m. sav.,EIS,1.54,,,2.0,
Panevėžio m. sav.,VTP,92.0,,,3.0,
Panevėžio m. sav.,KGP,100.0,,,3.0,
Panevėžio m. sav.,OUP,0.06,,,2.0,
Panevėžio m. sav.,KPD,60.0,,,3.0,
Panevėžio m. sav.,GVT,97.0,,,3.0,
Panevėžio m. sav.,VBN,97.0,,,3.0,
Panevėžio m. sav.,CTS,32.0,,,2.0,
Panevėžio m. sav.,NZP,27.0,,,1.0,
Panevėžio m. sav.,VTD,8.00,,,1.0,
Panevėžio m. sav.,OIT,"2,049.04",,,1.0,
Panevėžio m. sav.,EDD,,,,,
Panevėžio m. sav.,NDU,566.0,,,2.0,
Panevėžio m. sav.,TUI,2.8,,,2.0,
Panevėžio m. sav.,MIG,1.4,,,2.0,
Panevėžio m. sav.,PVG,5.6,,,2.0,
Panevėžio m. sav.,UGD,51.0,,,3.0,
Panevėžio m. sav.,NM,-0.02,,,1.0,
Panevėžio m. sav.,SLD,4.5,,,1.0,
Panevėžio m. sav.,DAG,61.0,,,2.0,
Panevėžio m. sav.,PAG,24.0,,,2.0,
Panevėžio m. sav.,USS,6.1,,,3.0,
Panevėžio m. sav.,GSM,-21.84,,,2.0,
Panevėžio m. sav.,GSK,,,,,
Panevėžio m. sav.,KGD,,,,,
Panevėžio m. sav.,M,2.0,,,1.0,
Panevėžio m. sav.,ZNP,30.0,,,2.0,
Panevėžio m. sav.,RIP,3.4,,,1.0,
Panevėžio m. sav.,NII,0.0,,,1.0,
Panevėžio m. sav.,INI,,,,,
Panevėžio m. sav.,PVI,67.9,,,3.0,
Panevėžio m. sav.,KNI,0.00,,,1.0,
Panevėžio m. sav.,NG,,,,,
Panevėžio m. sav.,PVA,18.5,,,3.0,
Panevėžio m. sav.,STP,1.0,,,2.0,
Panevėžio m. sav.,KPO,91.2,,,3.0,
Panevėžio r. sav.,NL,8.6,,,2.0,
Panevėžio r. sav.,IBD,33.7,,,2.0,
Panevėžio r. sav.,LLS,131.0,,,1.0,
Panevėžio r. sav.,MPM,20.0,,,2.0,
Panevėžio r. sav.,MMA,75.6,,,2.0,
Panevėžio r. sav.,EIS,1.53,,,2.0,
Panevėžio r. sav.,VTP,28.9,,,2.0,
Panevėžio r. sav.,KGP,16.0,,,2.0,
Panevėžio r. sav.,OUP,0.06,,,2.0,
Panevėžio r. sav.,KPD,30.0,,,1.0,
Panevėžio r. sav.,GVT,97.0,,,3.0,
Panevėžio r. sav.,VBN,97.0,,,3.0,
Panevėžio r. sav.,CTS,,,,,
Panevėžio r. sav.,NZP,42.0,,,1.0,
Panevėžio r. sav.,VTD,4.00,,,1.0,
Panevėžio r. sav.,OIT,322.60,,,3.0,
Panevėžio r. sav.,EDD,0.2,,,3.0,
Panevėžio r. sav.,NDU,496.0,,,1.0,
Panevėžio r. sav.,TUI,1.2,,,1.0,
Panevėžio r. sav.,MIG,0.8,,,1.0,
Panevėžio r. sav.,PVG,2.8,,,1.0,
Panevėžio r. sav.,UGD,45.0,,,2.0,
Panevėžio r. sav.,NM,0.0,,,2.0,
Panevėžio r. sav.,SLD,7.3,,,3.0,
Panevėžio r. sav.,DAG,62.0,,,2.0,
Panevėžio r. sav.,PAG,23.0,,,2.0,
Panevėžio r. sav.,USS,3.7,,,2.0,
Panevėžio r. sav.,GSM,-15.06,,,2.0,
Panevėžio r. sav.,GSK,-14.0,,,2.0,
Panevėžio r. sav.,KGD,24.19,,,1.0,
Panevėžio r. sav.,M,35.0,,,2.0,
Panevėžio r. sav.,ZNP,56.0,,,3.0,
Panevėžio r. sav.,RIP,4.62,,,1.0,
Panevėžio r. sav.,NII,9.0,,,1.0,
Panevėžio r. sav.,INI,,,,,
Panevėžio r. sav.,PVI,47.7,,,3.0,
Panevėžio r. sav.,KNI,248.00,,,1.0,
Panevėžio r. sav.,NG,,,,,
Panevėžio r. sav.,PVA,2.4,,,1.0,
Panevėžio r. sav.,STP,20.0,,,3.0,
Panevėžio r. sav.,KPO,3.9,,,1.0,
Pasvalio r. sav.,NL,12.1,,,1.0,
Pasvalio r. sav.,IBD,39.0,,,2.0,
Pasvalio r. sav.,LLS,65.3,,,3.0,
Pasvalio r. sav.,MPM,16.1,,,3.0,
Pasvalio r. sav.,MMA,72.2,,,2.0,
Pasvalio r. sav.,EIS,1.11,,,3.0,
Pasvalio r. sav.,VTP,33.1,,,2.0,
Pasvalio r. sav.,KGP,0.0,,,1.0,
Pasvalio r. sav.,OUP,0.08,,,2.0,
Pasvalio r. sav.,KPD,29.0,,,1.0,
Pasvalio r. sav.,GVT,95.0,,,3.0,
Pasvalio r. sav.,VBN,67.0,,,2.0,
Pasvalio r. sav.,CTS,11.0,,,1.0,
Pasvalio r. sav.,NZP,23.0,,,1.0,
Pasvalio r. sav.,VTD,5.00,,,1.0,
Pasvalio r. sav.,OIT,456.21,,,3.0,
Pasvalio r. sav.,EDD,0.6,,,3.0,
Pasvalio r. sav.,NDU,488.0,,,1.0,
Pasvalio r. sav.,TUI,0.3,,,1.0,
Pasvalio r. sav.,MIG,0.8,,,1.0,
Pasvalio r. sav.,PVG,1.7,,,1.0,
Pasvalio r. sav.,UGD,35.9,,,1.0,
Pasvalio r. sav.,NM,-0.03,,,1.0,
Pasvalio r. sav.,SLD,3.6,,,1.0,
Pasvalio r. sav.,DAG,60.0,,,1.0,
Pasvalio r. sav.,PAG,25.0,,,2.0,
Pasvalio r. sav.,USS,2.4,,,1.0,
Pasvalio r. sav.,GSM,-20.56,,,2.0,
Pasvalio r. sav.,GSK,-29.2,,,1.0,
Pasvalio r. sav.,KGD,23.26,,,1.0,
Pasvalio r. sav.,M,17.0,,,1.0,
Pasvalio r. sav.,ZNP,75.0,,,3.0,
Pasvalio r. sav.,RIP,4.15,,,1.0,
Pasvalio r. sav.,NII,6.0,,,1.0,
Pasvalio r. sav.,INI,,,,,
Pasvalio r. sav.,PVI,12.0,,,1.0,
Pasvalio r. sav.,KNI,0.00,,,1.0,
Pasvalio r. sav.,NG,,,,,
Pasvalio r. sav.,PVA,4.5,,,2.0,
Pasvalio r. sav.,STP,7.0,,,2.0,
Pasvalio r. sav.,KPO,5.3,,,1.0,
Rokiškio r. sav.,NL,11.3,,,2.0,
Rokiškio r. sav.,IBD,46.9,,,1.0,
Rokiškio r. sav.,LLS,192.0,,,1.0,
Rokiškio r. sav.,MPM,16.4,,,3.0,
Rokiškio r. sav.,MMA,76.7,,,3.0,
Rokiškio r. sav.,EIS,1.03,,,3.0,
Rokiškio r. sav.,VTP,32.0,,,2.0,
Rokiškio r. sav.,KGP,11.0,,,1.0,
Rokiškio r. sav.,OUP,0.09,,,2.0,
Rokiškio r. sav.,KPD,41.0,,,2.0,
Rokiškio r. sav.,GVT,72.0,,,3.0,
Rokiškio r. sav.,VBN,59.0,,,2.0,
Rokiškio r. sav.,CTS,17.0,,,1.0,
Rokiškio r. sav.,NZP,47.0,,,1.0,
Rokiškio r. sav.,VTD,57.00,,,2.0,
Rokiškio r. sav.,OIT,713.23,,,3.0,
Rokiškio r. sav.,EDD,1.0,,,3.0,
Rokiškio r. sav.,NDU,507.0,,,1.0,
Rokiškio r. sav.,TUI,0.5,,,1.0,
Rokiškio r. sav.,MIG,0.9,,,1.0,
Rokiškio r. sav.,PVG,2.7,,,1.0,
Rokiškio r. sav.,UGD,34.7,,,1.0,
Rokiškio r. sav.,NM,-0.02,,,1.0,
Rokiškio r. sav.,SLD,3.1,,,1.0,
Rokiškio r. sav.,DAG,60.0,,,1.0,
Rokiškio r. sav.,PAG,27.0,,,1.0,
Rokiškio r. sav.,USS,2.9,,,1.0,
Rokiškio r. sav.,GSM,-29.85,,,1.0,
Rokiškio r. sav.,GSK,-22.0,,,1.0,
Rokiškio r. sav.,KGD,27.39,,,1.0,
Rokiškio r. sav.,M,29.0,,,2.0,
Rokiškio r. sav.,ZNP,55.0,,,3.0,
Rokiškio r. sav.,RIP,5.27,,,1.0,
Rokiškio r. sav.,NII,103.0,,,2.0,
Rokiškio r. sav.,INI,,,,,
Rokiškio r. sav.,PVI,8.6,,,1.0,
Rokiškio r. sav.,KNI,271.00,,,1.0,
Rokiškio r. sav.,NG,,,,,
Rokiškio r. sav.,PVA,5.4,,,2.0,
Rokiškio r. sav.,STP,6.0,,,2.0,
Rokiškio r. sav.,KPO,4.6,,,1.0,
Akmenės r. sav.,NL,13.6,,,1.0,
Akmenės r. sav.,IBD,40.5,,,2.0,
Akmenės r. sav.,LLS,37.1,,,3.0,
Akmenės r. sav.,MPM,14.5,,,3.0,
Akmenės r. sav.,MMA,76.8,,,3.0,
Akmenės r. sav.,EIS,0.4,,,3.0,
Akmenės r. sav.,VTP,25.6,,,2.0,
Akmenės r. sav.,KGP,18.0,,,2.0,
Akmenės r. sav.,OUP,0.08,,,2.0,
Akmenės r. sav.,KPD,31.0,,,1.0,
Akmenės r. sav.,GVT,,,,,
Akmenės r. sav.,VBN,,,,,
Akmenės r. sav.,CTS,26.0,,,2.0,
Akmenės r. sav.,NZP,41.0,,,1.0,
Akmenės r. sav.,VTD,45.00,,,2.0,
Akmenės r. sav.,OIT,"4,910.17",,,1.0,
Akmenės r. sav.,EDD,0.7,,,3.0,
Akmenės r. sav.,NDU,544.0,,,2.0,
Akmenės r. sav.,TUI,3.9,,,2.0,
Akmenės r. sav.,MIG,1.8,,,2.0,
Akmenės r. sav.,PVG,2.9,,,1.0,
Akmenės r. sav.,UGD,30.3,,,1.0,
Akmenės r. sav.,NM,-0.02,,,1.0,
Akmenės r. sav.,SLD,3.6,,,1.0,
Akmenės r. sav.,DAG,59.0,,,1.0,
Akmenės r. sav.,PAG,6.0,,,3.0,
Akmenės r. sav.,USS,2.6,,,1.0,
Akmenės r. sav.,GSM,-32.01,,,1.0,
Akmenės r. sav.,GSK,-30.0,,,1.0,
Akmenės r. sav.,KGD,26.99,,,1.0,
Akmenės r. sav.,M,33.0,,,2.0,
Akmenės r. sav.,ZNP,57.0,,,3.0,
Akmenės r. sav.,RIP,3.73,,,1.0,
Akmenės r. sav.,NII,316.0,,,3.0,
Akmenės r. sav.,INI,,,,,
Akmenės r. sav.,PVI,13.8,,,1.0,
Akmenės r. sav.,KNI,878.00,,,3.0,
Akmenės r. sav.,NG,,,,,
Akmenės r. sav.,PVA,1.6,,,1.0,
Akmenės r. sav.,STP,15.0,,,3.0,
Akmenės r. sav.,KPO,4.8,,,1.0,
Joniškio r. sav.,NL,11.2,,,2.0,
Joniškio r. sav.,IBD,47.8,,,1.0,
Joniškio r. sav.,LLS,52.1,,,3.0,
Joniškio r. sav.,MPM,15.4,,,3.0,
Joniškio r. sav.,MMA,72.8,,,2.0,
Joniškio r. sav.,EIS,0.5,,,3.0,
Joniškio r. sav.,VTP,29.3,,,2.0,
Joniškio r. sav.,KGP,0.0,,,1.0,
Joniškio r. sav.,OUP,0.1,,,2.0,
Joniškio r. sav.,KPD,26.0,,,1.0,
Joniškio r. sav.,GVT,71.0,,,2.0,
Joniškio r. sav.,VBN,59.0,,,2.0,
Joniškio r. sav.,CTS,11.0,,,1.0,
Joniškio r. sav.,NZP,24.0,,,1.0,
Joniškio r. sav.,VTD,0.00,,,1.0,
Joniškio r. sav.,OIT,198.17,,,3.0,
Joniškio r. sav.,EDD,0.3,,,3.0,
Joniškio r. sav.,NDU,486.2,,,1.0,
Joniškio r. sav.,TUI,0.1,,,1.0,
Joniškio r. sav.,MIG,0.7,,,1.0,
Joniškio r. sav.,PVG,1.7,,,1.0,
Joniškio r. sav.,UGD,36.7,,,1.0,
Joniškio r. sav.,NM,-0.02,,,1.0,
Joniškio r. sav.,SLD,4.8,,,2.0,
Joniškio r. sav.,DAG,61.0,,,2.0,
Joniškio r. sav.,PAG,25.0,,,2.0,
Joniškio r. sav.,USS,3.0,,,1.0,
Joniškio r. sav.,GSM,-23.14,,,1.0,
Joniškio r. sav.,GSK,-31.0,,,1.0,
Joniškio r. sav.,KGD,24.91,,,1.0,
Joniškio r. sav.,M,20.0,,,1.0,
Joniškio r. sav.,ZNP,73.0,,,3.0,
Joniškio r. sav.,RIP,4.05,,,1.0,
Joniškio r. sav.,NII,63.0,,,1.0,
Joniškio r. sav.,INI,,,,,
Joniškio r. sav.,PVI,7.6,,,1.0,
Joniškio r. sav.,KNI,243.00,,,1.0,
Joniškio r. sav.,NG,,,,,
Joniškio r. sav.,PVA,1.5,,,1.0,
Joniškio r. sav.,STP,11.0,,,3.0,
Joniškio r. sav.,KPO,5.1,,,1.0,
Kelmės r. sav.,NL,13.5,,,1.0,
Kelmės r. sav.,IBD,49.2,,,1.0,
Kelmės r. sav.,LLS,68.5,,,3.0,
Kelmės r. sav.,MPM,15.9,,,3.0,
Kelmės r. sav.,MMA,74.8,,,2.0,
Kelmės r. sav.,EIS,1.3,,,3.0,
Kelmės r. sav.,VTP,31.6,,,2.0,
Kelmės r. sav.,KGP,0.0,,,1.0,
Kelmės r. sav.,OUP,0.06,,,2.0,
Kelmės r. sav.,KPD,20.0,,,1.0,
Kelmės r. sav.,GVT,73.0,,,3.0,
Kelmės r. sav.,VBN,49.0,,,2.0,
Kelmės r. sav.,CTS,9.0,,,1.0,
Kelmės r. sav.,NZP,44.0,,,1.0,
Kelmės r. sav.,VTD,80.00,,,3.0,
Kelmės r. sav.,OIT,206.11,,,3.0,
Kelmės r. sav.,EDD,1.7,,,2.0,
Kelmės r. sav.,NDU,469.7,,,1.0,
Kelmės r. sav.,TUI,0.0,,,1.0,
Kelmės r. sav.,MIG,0.4,,,1.0,
Kelmės r. sav.,PVG,1.5,,,1.0,
Kelmės r. sav.,UGD,41.5,,,2.0,
Kelmės r. sav.,NM,-0.02,,,1.0,
Kelmės r. sav.,SLD,2.3,,,1.0,
Kelmės r. sav.,DAG,60.0,,,1.0,
Kelmės r. sav.,PAG,26.0,,,2.0,
Kelmės r. sav.,USS,2.7,,,1.0,
Kelmės r. sav.,GSM,-23.45,,,1.0,
Kelmės r. sav.,GSK,-33.0,,,1.0,
Kelmės r. sav.,KGD,25.63,,,1.0,
Kelmės r. sav.,M,33.0,,,2.0,
Kelmės r. sav.,ZNP,57.0,,,3.0,
Kelmės r. sav.,RIP,4.44,,,1.0,
Kelmės r. sav.,NII,86.0,,,2.0,
Kelmės r. sav.,INI,,,,,
Kelmės r. sav.,PVI,3.5,,,1.0,
Kelmės r. sav.,KNI,142.00,,,1.0,
Kelmės r. sav.,NG,,,,,
Kelmės r. sav.,PVA,2.2,,,1.0,
Kelmės r. sav.,STP,14.0,,,3.0,
Kelmės r. sav.,KPO,6.2,,,1.0,
Pakruojo r. sav.,NL,8.9,,,2.0,
Pakruojo r. sav.,IBD,36.1,,,2.0,
Pakruojo r. sav.,LLS,43.3,,,3.0,
Pakruojo r. sav.,MPM,20.3,,,2.0,
Pakruojo r. sav.,MMA,69.8,,,1.0,
Pakruojo r. sav.,EIS,0.7,,,3.0,
Pakruojo r. sav.,VTP,30.1,,,2.0,
Pakruojo r. sav.,KGP,0.0,,,1.0,
Pakruojo r. sav.,OUP,0.08,,,2.0,
Pakruojo r. sav.,KPD,33.0,,,2.0,
Pakruojo r. sav.,GVT,76.0,,,3.0,
Pakruojo r. sav.,VBN,62.0,,,2.0,
Pakruojo r. sav.,CTS,10.0,,,1.0,
Pakruojo r. sav.,NZP,27.0,,,1.0,
Pakruojo r. sav.,VTD,0.00,,,1.0,
Pakruojo r. sav.,OIT,190.42,,,3.0,
Pakruojo r. sav.,EDD,0.4,,,3.0,
Pakruojo r. sav.,NDU,506.8,,,1.0,
Pakruojo r. sav.,TUI,1.9,,,1.0,
Pakruojo r. sav.,MIG,0.9,,,1.0,
Pakruojo r. sav.,PVG,2.0,,,1.0,
Pakruojo r. sav.,UGD,36.3,,,1.0,
Pakruojo r. sav.,NM,-0.03,,,1.0,
Pakruojo r. sav.,SLD,3.8,,,1.0,
Pakruojo r. sav.,DAG,60.0,,,1.0,
Pakruojo r. sav.,PAG,24.0,,,2.0,
Pakruojo r. sav.,USS,3.0,,,1.0,
Pakruojo r. sav.,GSM,-21.42,,,2.0,
Pakruojo r. sav.,GSK,-32.0,,,1.0,
Pakruojo r. sav.,KGD,24.29,,,1.0,
Pakruojo r. sav.,M,20.0,,,1.0,
Pakruojo r. sav.,ZNP,72.0,,,3.0,
Pakruojo r. sav.,RIP,4.26,,,1.0,
Pakruojo r. sav.,NII,98.0,,,2.0,
Pakruojo r. sav.,INI,,,,,
Pakruojo r. sav.,PVI,3.5,,,1.0,
Pakruojo r. sav.,KNI,"1,284.00",,,3.0,
Pakruojo r. sav.,NG,,,,,
Pakruojo r. sav.,PVA,1.4,,,1.0,
Pakruojo r. sav.,STP,12.0,,,3.0,
Pakruojo r. sav.,KPO,6.9,,,2.0,
Radviliškio r. sav.,NL,10.7,,,2.0,
Radviliškio r. sav.,IBD,39.6,,,2.0,
Radviliškio r. sav.,LLS,36.6,,,3.0,
Radviliškio r. sav.,MPM,15.4,,,3.0,
Radviliškio r. sav.,MMA,73.4,,,2.0,
Radviliškio r. sav.,EIS,1.0,,,3.0,
Radviliškio r. sav.,VTP,25.9,,,2.0,
Radviliškio r. sav.,KGP,28.0,,,3.0,
Radviliškio r. sav.,OUP,0.07,,,2.0,
Radviliškio r. sav.,KPD,24.0,,,1.0,
Radviliškio r. sav.,GVT,77.0,,,3.0,
Radviliškio r. sav.,VBN,72.0,,,3.0,
Radviliškio r. sav.,CTS,18.0,,,1.0,
Radviliškio r. sav.,NZP,33.0,,,1.0,
Radviliškio r. sav.,VTD,25.00,,,1.0,
Radviliškio r. sav.,OIT,677.12,,,3.0,
Radviliškio r. sav.,EDD,0.3,,,3.0,
Radviliškio r. sav.,NDU,468.8,,,1.0,
Radviliškio r. sav.,TUI,0.4,,,1.0,
Radviliškio r. sav.,MIG,0.8,,,1.0,
Radviliškio r. sav.,PVG,2.5,,,1.0,
Radviliškio r. sav.,UGD,42.6,,,2.0,
Radviliškio r. sav.,NM,-0.02,,,1.0,
Radviliškio r. sav.,SLD,5.0,,,2.0,
Radviliškio r. sav.,DAG,60.0,,,1.0,
Radviliškio r. sav.,PAG,24.0,,,2.0,
Radviliškio r. sav.,USS,2.7,,,1.0,
Radviliškio r. sav.,GSM,-22.16,,,1.0,
Radviliškio r. sav.,GSK,-31.0,,,1.0,
Radviliškio r. sav.,KGD,22.22,,,1.0,
Radviliškio r. sav.,M,26.0,,,2.0,
Radviliškio r. sav.,ZNP,65.0,,,3.0,
Radviliškio r. sav.,RIP,4.73,,,1.0,
Radviliškio r. sav.,NII,170.0,,,3.0,
Radviliškio r. sav.,INI,,,,,
Radviliškio r. sav.,PVI,12.3,,,1.0,
Radviliškio r. sav.,KNI,263.00,,,1.0,
Radviliškio r. sav.,NG,,,,,
Radviliškio r. sav.,PVA,2.6,,,1.0,
Radviliškio r. sav.,STP,10.0,,,3.0,
Radviliškio r. sav.,KPO,4.9,,,1.0,
Šiaulių m. sav.,NL,5.3,,,3.0,
Šiaulių m. sav.,IBD,21.1,,,3.0,
Šiaulių m. sav.,LLS,132.7,,,1.0,
Šiaulių m. sav.,MPM,12.6,,,2.0,
Šiaulių m. sav.,MMA,75.3,,,2.0,
Šiaulių m. sav.,EIS,1.7,,,2.0,
Šiaulių m. sav.,VTP,76.2,,,3.0,
Šiaulių m. sav.,KGP,97.0,,,3.0,
Šiaulių m. sav.,OUP,0.08,,,2.0,
Šiaulių m. sav.,KPD,54.0,,,3.0,
Šiaulių m. sav.,GVT,96.0,,,3.0,
Šiaulių m. sav.,VBN,98.0,,,3.0,
Šiaulių m. sav.,CTS,36.0,,,2.0,
Šiaulių m. sav.,NZP,44.0,,,1.0,
Šiaulių m. sav.,VTD,16.00,,,1.0,
Šiaulių m. sav.,OIT,964.39,,,2.0,
Šiaulių m. sav.,EDD,,,,,
Šiaulių m. sav.,NDU,537.1,,,2.0,
Šiaulių m. sav.,TUI,1.0,,,1.0,
Šiaulių m. sav.,MIG,2.0,,,2.0,
Šiaulių m. sav.,PVG,6.2,,,2.0,
Šiaulių m. sav.,UGD,49.5,,,3.0,
Šiaulių m. sav.,NM,-0.02,,,1.0,
Šiaulių m. sav.,SLD,5.4,,,2.0,
Šiaulių m. sav.,DAG,62.0,,,2.0,
Šiaulių m. sav.,PAG,22.0,,,2.0,
Šiaulių m. sav.,USS,6.1,,,3.0,
Šiaulių m. sav.,GSM,-23.08,,,1.0,
Šiaulių m. sav.,GSK,,,,,
Šiaulių m. sav.,KGD,,,,,
Šiaulių m. sav.,M,6.0,,,1.0,
Šiaulių m. sav.,ZNP,15.0,,,1.0,
Šiaulių m. sav.,RIP,3.51,,,1.0,
Šiaulių m. sav.,NII,3.0,,,1.0,
Šiaulių m. sav.,INI,,,,,
Šiaulių m. sav.,PVI,102.3,,,3.0,
Šiaulių m. sav.,KNI,0.00,,,1.0,
Šiaulių m. sav.,NG,,,,,
Šiaulių m. sav.,PVA,13.0,,,3.0,
Šiaulių m. sav.,STP,19.0,,,3.0,
Šiaulių m. sav.,KPO,42.0,,,3.0,
Šiaulių r. sav.,NL,7.9,,,3.0,
Šiaulių r. sav.,IBD,29.8,,,2.0,
Šiaulių r. sav.,LLS,28.0,,,2.0,
Šiaulių r. sav.,MPM,16.8,,,3.0,
Šiaulių r. sav.,MMA,71.4,,,2.0,
Šiaulių r. sav.,EIS,1.3,,,3.0,
Šiaulių r. sav.,VTP,33.1,,,2.0,
Šiaulių r. sav.,KGP,27.0,,,2.0,
Šiaulių r. sav.,OUP,0.08,,,2.0,
Šiaulių r. sav.,KPD,24.0,,,1.0,
Šiaulių r. sav.,GVT,46.0,,,2.0,
Šiaulių r. sav.,VBN,40.0,,,1.0,
Šiaulių r. sav.,CTS,10.0,,,1.0,
Šiaulių r. sav.,NZP,45.0,,,1.0,
Šiaulių r. sav.,VTD,29.00,,,1.0,
Šiaulių r. sav.,OIT,258.89,,,3.0,
Šiaulių r. sav.,EDD,0.4,,,3.0,
Šiaulių r. sav.,NDU,482.6,,,1.0,
Šiaulių r. sav.,TUI,0.5,,,1.0,
Šiaulių r. sav.,MIG,1.1,,,1.0,
Šiaulių r. sav.,PVG,2.3,,,1.0,
Šiaulių r. sav.,UGD,46.7,,,3.0,
Šiaulių r. sav.,NM,0.0,,,3.0,
Šiaulių r. sav.,SLD,11.5,,,3.0,
Šiaulių r. sav.,DAG,62.0,,,2.0,
Šiaulių r. sav.,PAG,23.0,,,2.0,
Šiaulių r. sav.,USS,3.4,,,1.0,
Šiaulių r. sav.,GSM,-20.9,,,2.0,
Šiaulių r. sav.,GSK,-19.0,,,1.0,
Šiaulių r. sav.,KGD,16.53,,,2.0,
Šiaulių r. sav.,M,35.0,,,2.0,
Šiaulių r. sav.,ZNP,55.0,,,3.0,
Šiaulių r. sav.,RIP,5.22,,,1.0,
Šiaulių r. sav.,NII,55.0,,,1.0,
Šiaulių r. sav.,INI,,,,,
Šiaulių r. sav.,PVI,8.9,,,1.0,
Šiaulių r. sav.,KNI,434.00,,,2.0,
Šiaulių r. sav.,NG,,,,,
Šiaulių r. sav.,PVA,3.0,,,1.0,
Šiaulių r. sav.,STP,17.0,,,3.0,
Šiaulių r. sav.,KPO,7.5,,,2.0,
Jurbarko r. sav.,NL,13.4,,,1.0,
Jurbarko r. sav.,IBD,42.4,,,1.0,
Jurbarko r. sav.,LLS,66.0,,,3.0,
Jurbarko r. sav.,MPM,18.5,,,3.0,
Jurbarko r. sav.,MMA,69.1,,,1.0,
Jurbarko r. sav.,EIS,0.8,,,3.0,
Jurbarko r. sav.,VTP,17.6,,,1.0,
Jurbarko r. sav.,KGP,0.0,,,1.0,
Jurbarko r. sav.,OUP,0.06,,,3.0,
Jurbarko r. sav.,KPD,26.0,,,1.0,
Jurbarko r. sav.,GVT,66.0,,,2.0,
Jurbarko r. sav.,VBN,51.0,,,2.0,
Jurbarko r. sav.,CTS,12.0,,,1.0,
Jurbarko r. sav.,NZP,45.0,,,1.0,
Jurbarko r. sav.,VTD,35.00,,,2.0,
Jurbarko r. sav.,OIT,125.44,,,3.0,
Jurbarko r. sav.,EDD,1.5,,,2.0,
Jurbarko r. sav.,NDU,480.0,,,1.0,
Jurbarko r. sav.,TUI,0.0,,,1.0,
Jurbarko r. sav.,MIG,0.8,,,1.0,
Jurbarko r. sav.,PVG,2.1,,,1.0,
Jurbarko r. sav.,UGD,43.5,,,2.0,
Jurbarko r. sav.,NM,-0.02,,,1.0,
Jurbarko r. sav.,SLD,4.5,,,1.0,
Jurbarko r. sav.,DAG,60.0,,,1.0,
Jurbarko r. sav.,PAG,25.0,,,2.0,
Jurbarko r. sav.,USS,2.9,,,1.0,
Jurbarko r. sav.,GSM,-23.24,,,1.0,
Jurbarko r. sav.,GSK,-29.0,,,1.0,
Jurbarko r. sav.,KGD,12.1,,,2.0,
Jurbarko r. sav.,M,38.0,,,2.0,
Jurbarko r. sav.,ZNP,54.0,,,3.0,
Jurbarko r. sav.,RIP,4.72,,,1.0,
Jurbarko r. sav.,NII,48.0,,,1.0,
Jurbarko r. sav.,INI,,,,,
Jurbarko r. sav.,PVI,10.3,,,1.0,
Jurbarko r. sav.,KNI,157.00,,,1.0,
Jurbarko r. sav.,NG,,,,,
Jurbarko r. sav.,PVA,2.3,,,1.0,
Jurbarko r. sav.,STP,21.0,,,3.0,
Jurbarko r. sav.,KPO,4.6,,,1.0,
Pagėgių sav.,NL,10.0,,,2.0,
Pagėgių sav.,IBD,52.8,,,1.0,
Pagėgių sav.,LLS,19.8,,,2.0,
Pagėgių sav.,MPM,22.8,,,2.0,
Pagėgių sav.,MMA,65.6,,,1.0,
Pagėgių sav.,EIS,1.0,,,3.0,
Pagėgių sav.,VTP,20.2,,,1.0,
Pagėgių sav.,KGP,0.0,,,1.0,
Pagėgių sav.,OUP,0.07,,,2.0,
Pagėgių sav.,KPD,20.0,,,1.0,
Pagėgių sav.,GVT,64.0,,,2.0,
Pagėgių sav.,VBN,38.0,,,1.0,
Pagėgių sav.,CTS,,,,,
Pagėgių sav.,NZP,35.0,,,1.0,
Pagėgių sav.,VTD,55.00,,,2.0,
Pagėgių sav.,OIT,43.93,,,3.0,
Pagėgių sav.,EDD,0.8,,,3.0,
Pagėgių sav.,NDU,538.2,,,2.0,
Pagėgių sav.,TUI,0.0,,,1.0,
Pagėgių sav.,MIG,1.6,,,2.0,
Pagėgių sav.,PVG,1.1,,,1.0,
Pagėgių sav.,UGD,42.8,,,2.0,
Pagėgių sav.,NM,-0.03,,,1.0,
Pagėgių sav.,SLD,5.3,,,2.0,
Pagėgių sav.,DAG,62.0,,,2.0,
Pagėgių sav.,PAG,21.0,,,3.0,
Pagėgių sav.,USS,3.0,,,1.0,
Pagėgių sav.,GSM,-25.46,,,1.0,
Pagėgių sav.,GSK,-32.7,,,1.0,
Pagėgių sav.,KGD,11.54,,,2.0,
Pagėgių sav.,M,17.0,,,1.0,
Pagėgių sav.,ZNP,71.0,,,3.0,
Pagėgių sav.,RIP,6.79,,,2.0,
Pagėgių sav.,NII,33.0,,,1.0,
Pagėgių sav.,INI,,,,,
Pagėgių sav.,PVI,2.5,,,1.0,
Pagėgių sav.,KNI,2.00,,,1.0,
Pagėgių sav.,NG,,,,,
Pagėgių sav.,PVA,2.0,,,1.0,
Pagėgių sav.,STP,19.0,,,3.0,
Pagėgių sav.,KPO,5.3,,,1.0,
Šilalės r. sav.,NL,7.5,,,3.0,
Šilalės r. sav.,IBD,25.9,,,2.0,
Šilalės r. sav.,LLS,49.2,,,3.0,
Šilalės r. sav.,MPM,15.7,,,3.0,
Šilalės r. sav.,MMA,66.7,,,1.0,
Šilalės r. sav.,EIS,1.2,,,3.0,
Šilalės r. sav.,VTP,22.8,,,1.0,
Šilalės r. sav.,KGP,0.0,,,1.0,
Šilalės r. sav.,OUP,0.05,,,3.0,
Šilalės r. sav.,KPD,19.0,,,1.0,
Šilalės r. sav.,GVT,85.0,,,3.0,
Šilalės r. sav.,VBN,53.0,,,2.0,
Šilalės r. sav.,CTS,10.0,,,1.0,
Šilalės r. sav.,NZP,38.0,,,1.0,
Šilalės r. sav.,VTD,70.00,,,3.0,
Šilalės r. sav.,OIT,67.03,,,3.0,
Šilalės r. sav.,EDD,2.3,,,2.0,
Šilalės r. sav.,NDU,492.0,,,1.0,
Šilalės r. sav.,TUI,0.0,,,1.0,
Šilalės r. sav.,MIG,0.4,,,1.0,
Šilalės r. sav.,PVG,1.6,,,1.0,
Šilalės r. sav.,UGD,51.2,,,3.0,
Šilalės r. sav.,NM,-0.02,,,1.0,
Šilalės r. sav.,SLD,4.9,,,2.0,
Šilalės r. sav.,DAG,62.0,,,2.0,
Šilalės r. sav.,PAG,21.0,,,3.0,
Šilalės r. sav.,USS,2.8,,,1.0,
Šilalės r. sav.,GSM,-14.07,,,2.0,
Šilalės r. sav.,GSK,-25.0,,,1.0,
Šilalės r. sav.,KGD,10.61,,,3.0,
Šilalės r. sav.,M,29.0,,,2.0,
Šilalės r. sav.,ZNP,60.0,,,3.0,
Šilalės r. sav.,RIP,4.44,,,1.0,
Šilalės r. sav.,NII,10.0,,,1.0,
Šilalės r. sav.,INI,,,,,
Šilalės r. sav.,PVI,3.8,,,1.0,
Šilalės r. sav.,KNI,25.00,,,1.0,
Šilalės r. sav.,NG,,,,,
Šilalės r. sav.,PVA,1.7,,,1.0,
Šilalės r. sav.,STP,13.0,,,3.0,
Šilalės r. sav.,KPO,7.5,,,2.0,
Tauragės r. sav.,NL,10.8,,,2.0,
Tauragės r. sav.,IBD,42.0,,,1.0,
Tauragės r. sav.,LLS,68.4,,,3.0,
Tauragės r. sav.,MPM,12.7,,,2.0,
Tauragės r. sav.,MMA,67.5,,,1.0,
Tauragės r. sav.,EIS,0.9,,,3.0,
Tauragės r. sav.,VTP,32.7,,,2.0,
Tauragės r. sav.,KGP,0.0,,,1.0,
Tauragės r. sav.,OUP,0.07,,,2.0,
Tauragės r. sav.,KPD,20.0,,,1.0,
Tauragės r. sav.,GVT,67.0,,,2.0,
Tauragės r. sav.,VBN,61.0,,,2.0,
Tauragės r. sav.,CTS,12.0,,,1.0,
Tauragės r. sav.,NZP,48.0,,,2.0,
Tauragės r. sav.,VTD,78.00,,,3.0,
Tauragės r. sav.,OIT,367.79,,,3.0,
Tauragės r. sav.,EDD,1.8,,,2.0,
Tauragės r. sav.,NDU,494.0,,,1.0,
Tauragės r. sav.,TUI,0.7,,,1.0,
Tauragės r. sav.,MIG,1.0,,,1.0,
Tauragės r. sav.,PVG,2.9,,,1.0,
Tauragės r. sav.,UGD,44.1,,,2.0,
Tauragės r. sav.,NM,-0.02,,,1.0,
Tauragės r. sav.,SLD,4.8,,,2.0,
Tauragės r. sav.,DAG,62.0,,,2.0,
Tauragės r. sav.,PAG,23.0,,,2.0,
Tauragės r. sav.,USS,4.2,,,2.0,
Tauragės r. sav.,GSM,-21.19,,,2.0,
Tauragės r. sav.,GSK,-25.0,,,1.0,
Tauragės r. sav.,KGD,15.82,,,2.0,
Tauragės r. sav.,M,39.0,,,2.0,
Tauragės r. sav.,ZNP,50.0,,,2.0,
Tauragės r. sav.,RIP,4.71,,,1.0,
Tauragės r. sav.,NII,41.0,,,1.0,
Tauragės r. sav.,INI,,,,,
Tauragės r. sav.,PVI,24.4,,,2.0,
Tauragės r. sav.,KNI,,,,,
Tauragės r. sav.,NG,,,,,
Tauragės r. sav.,PVA,3.5,,,1.0,
Tauragės r. sav.,STP,24.0,,,3.0,
Tauragės r. sav.,KPO,4.9,,,1.0,
Mažeikių r. sav.,NL,11.0,,,2.0,
Mažeikių r. sav.,IBD,48.8,,,1.0,
Mažeikių r. sav.,LLS,43.8,,,3.0,
Mažeikių r. sav.,MPM,14.0,,,3.0,
Mažeikių r. sav.,MMA,76.4,,,3.0,
Mažeikių r. sav.,EIS,1.0,,,3.0,
Mažeikių r. sav.,VTP,33.8,,,2.0,
Mažeikių r. sav.,KGP,13.0,,,1.0,
Mažeikių r. sav.,OUP,0.06,,,2.0,
Mažeikių r. sav.,KPD,28.0,,,1.0,
Mažeikių r. sav.,GVT,83.0,,,3.0,
Mažeikių r. sav.,VBN,78.0,,,3.0,
Mažeikių r. sav.,CTS,27.0,,,2.0,
Mažeikių r. sav.,NZP,37.0,,,1.0,
Mažeikių r. sav.,VTD,65.00,,,2.0,
Mažeikių r. sav.,OIT,"24,674.74",,,1.0,
Mažeikių r. sav.,EDD,1.6,,,2.0,
Mažeikių r. sav.,NDU,576.6,,,2.0,
Mažeikių r. sav.,TUI,6.3,,,3.0,
Mažeikių r. sav.,MIG,1.4,,,2.0,
Mažeikių r. sav.,PVG,8.3,,,3.0,
Mažeikių r. sav.,UGD,46.9,,,3.0,
Mažeikių r. sav.,NM,-0.02,,,1.0,
Mažeikių r. sav.,SLD,4.5,,,1.0,
Mažeikių r. sav.,DAG,63.0,,,2.0,
Mažeikių r. sav.,PAG,19.0,,,3.0,
Mažeikių r. sav.,USS,4.1,,,2.0,
Mažeikių r. sav.,GSM,-18.06,,,2.0,
Mažeikių r. sav.,GSK,-20.0,,,1.0,
Mažeikių r. sav.,KGD,9.24,,,3.0,
Mažeikių r. sav.,M,30.0,,,2.0,
Mažeikių r. sav.,ZNP,60.0,,,3.0,
Mažeikių r. sav.,RIP,4.0,,,1.0,
Mažeikių r. sav.,NII,30.0,,,1.0,
Mažeikių r. sav.,INI,,,,,
Mažeikių r. sav.,PVI,21.5,,,1.0,
Mažeikių r. sav.,KNI,205.00,,,1.0,
Mažeikių r. sav.,NG,,,,,
Mažeikių r. sav.,PVA,6.4,,,2.0,
Mažeikių r. sav.,STP,9.0,,,3.0,
Mažeikių r. sav.,KPO,7.1,,,2.0,
Plungės r. sav.,NL,7.1,,,3.0,
Plungės r. sav.,IBD,28.6,,,2.0,
Plungės r. sav.,LLS,53.0,,,3.0,
Plungės r. sav.,MPM,14.0,,,3.0,
Plungės r. sav.,MMA,72.2,,,2.0,
Plungės r. sav.,EIS,0.7,,,3.0,
Plungės r. sav.,VTP,31.2,,,2.0,
Plungės r. sav.,KGP,22.0,,,2.0,
Plungės r. sav.,OUP,0.04,,,3.0,
Plungės r. sav.,KPD,19.0,,,1.0,
Plungės r. sav.,GVT,86.0,,,3.0,
Plungės r. sav.,VBN,76.0,,,3.0,
Plungės r. sav.,CTS,17.0,,,1.0,
Plungės r. sav.,NZP,49.0,,,2.0,
Plungės r. sav.,VTD,83.00,,,3.0,
Plungės r. sav.,OIT,745.89,,,2.0,
Plungės r. sav.,EDD,1.8,,,2.0,
Plungės r. sav.,NDU,494.6,,,1.0,
Plungės r. sav.,TUI,0.6,,,1.0,
Plungės r. sav.,MIG,0.9,,,1.0,
Plungės r. sav.,PVG,3.1,,,1.0,
Plungės r. sav.,UGD,42.2,,,2.0,
Plungės r. sav.,NM,-0.02,,,1.0,
Plungės r. sav.,SLD,5.4,,,2.0,
Plungės r. sav.,DAG,62.0,,,2.0,
Plungės r. sav.,PAG,22.0,,,2.0,
Plungės r. sav.,USS,3.6,,,2.0,
Plungės r. sav.,GSM,-20.66,,,2.0,
Plungės r. sav.,GSK,-18.4,,,1.0,
Plungės r. sav.,KGD,5.53,,,3.0,
Plungės r. sav.,M,36.0,,,2.0,
Plungės r. sav.,ZNP,51.0,,,2.0,
Plungės r. sav.,RIP,5.19,,,1.0,
Plungės r. sav.,NII,35.0,,,1.0,
Plungės r. sav.,INI,0.3,,,1.0,
Plungės r. sav.,PVI,17.4,,,1.0,
Plungės r. sav.,KNI,67.00,,,1.0,
Plungės r. sav.,NG,0.0,,,1.0,
Plungės r. sav.,PVA,4.9,,,2.0,
Plungės r. sav.,STP,34.0,,,2.0,
Plungės r. sav.,KPO,8.3,,,2.0,
Rietavo sav.,NL,6.8,,,3.0,
Rietavo sav.,IBD,31.0,,,2.0,
Rietavo sav.,LLS,31.1,,,2.0,
Rietavo sav.,MPM,15.5,,,3.0,
Rietavo sav.,MMA,68.6,,,1.0,
Rietavo sav.,EIS,1.0,,,3.0,
Rietavo sav.,VTP,14.8,,,1.0,
Rietavo sav.,KGP,0.0,,,1.0,
Rietavo sav.,OUP,0.04,,,3.0,
Rietavo sav.,KPD,29.0,,,1.0,
Rietavo sav.,GVT,,,,,
Rietavo sav.,VBN,,,,,
Rietavo sav.,CTS,,,,,
Rietavo sav.,NZP,62.0,,,2.0,
Rietavo sav.,VTD,92.00,,,3.0,
Rietavo sav.,OIT,248.13,,,3.0,
Rietavo sav.,EDD,0.4,,,3.0,
Rietavo sav.,NDU,499.3,,,1.0,
Rietavo sav.,TUI,0.0,,,1.0,
Rietavo sav.,MIG,0.8,,,1.0,
Rietavo sav.,PVG,2.1,,,1.0,
Rietavo sav.,UGD,44.0,,,2.0,
Rietavo sav.,NM,-0.02,,,1.0,
Rietavo sav.,SLD,4.7,,,2.0,
Rietavo sav.,DAG,62.0,,,2.0,
Rietavo sav.,PAG,22.0,,,2.0,
Rietavo sav.,USS,3.5,,,1.0,
Rietavo sav.,GSM,-13.62,,,2.0,
Rietavo sav.,GSK,-33.0,,,1.0,
Rietavo sav.,KGD,13.08,,,2.0,
Rietavo sav.,M,54.0,,,3.0,
Rietavo sav.,ZNP,38.0,,,2.0,
Rietavo sav.,RIP,4.77,,,1.0,
Rietavo sav.,NII,23.0,,,1.0,
Rietavo sav.,INI,,,,,
Rietavo sav.,PVI,0.9,,,1.0,
Rietavo sav.,KNI,51.00,,,1.0,
Rietavo sav.,NG,,,,,
Rietavo sav.,PVA,0.1,,,1.0,
Rietavo sav.,STP,12.0,,,3.0,
Rietavo sav.,KPO,4.3,,,1.0,
Telšių r. sav.,NL,7.4,,,3.0,
Telšių r. sav.,IBD,30.9,,,2.0,
Telšių r. sav.,LLS,65.1,,,3.0,
Telšių r. sav.,MPM,17.3,,,3.0,
Telšių r. sav.,MMA,69.4,,,1.0,
Telšių r. sav.,EIS,1.1,,,3.0,
Telšių r. sav.,VTP,23.2,,,1.0,
Telšių r. sav.,KGP,17.0,,,2.0,
Telšių r. sav.,OUP,0.05,,,3.0,
Telšių r. sav.,KPD,23.0,,,1.0,
Telšių r. sav.,GVT,84.0,,,3.0,
Telšių r. sav.,VBN,73.0,,,3.0,
Telšių r. sav.,CTS,16.0,,,1.0,
Telšių r. sav.,NZP,49.0,,,2.0,
Telšių r. sav.,VTD,69.00,,,3.0,
Telšių r. sav.,OIT,669.42,,,3.0,
Telšių r. sav.,EDD,1.5,,,2.0,
Telšių r. sav.,NDU,525.6,,,1.0,
Telšių r. sav.,TUI,0.2,,,1.0,
Telšių r. sav.,MIG,1.0,,,1.0,
Telšių r. sav.,PVG,2.7,,,1.0,
Telšių r. sav.,UGD,43.4,,,2.0,
Telšių r. sav.,NM,-0.02,,,1.0,
Telšių r. sav.,SLD,4.3,,,1.0,
Telšių r. sav.,DAG,60.0,,,1.0,
Telšių r. sav.,PAG,24.0,,,2.0,
Telšių r. sav.,USS,3.5,,,1.0,
Telšių r. sav.,GSM,-24.91,,,1.0,
Telšių r. sav.,GSK,-26.1,,,1.0,
Telšių r. sav.,KGD,16.54,,,2.0,
Telšių r. sav.,M,36.0,,,2.0,
Telšių r. sav.,ZNP,52.0,,,3.0,
Telšių r. sav.,RIP,5.56,,,1.0,
Telšių r. sav.,NII,32.0,,,1.0,
Telšių r. sav.,INI,,,,,
Telšių r. sav.,PVI,26.6,,,2.0,
Telšių r. sav.,KNI,330.00,,,2.0,
Telšių r. sav.,NG,,,,,
Telšių r. sav.,PVA,6.7,,,2.0,
Telšių r. sav.,STP,21.0,,,3.0,
Telšių r. sav.,KPO,7.7,,,2.0,
Anykščių r. sav.,NL,10.8,,,2.0,
Anykščių r. sav.,IBD,41.6,,,1.0,
Anykščių r. sav.,LLS,81.6,,,3.0,
Anykščių r. sav.,MPM,19.1,,,3.0,
Anykščių r. sav.,MMA,71.2,,,2.0,
Anykščių r. sav.,EIS,1.05,,,3.0,
Anykščių r. sav.,VTP,28.2,,,2.0,
Anykščių r. sav.,KGP,0.0,,,1.0,
Anykščių r. sav.,OUP,0.06,,,3.0,
Anykščių r. sav.,KPD,28.0,,,1.0,
Anykščių r. sav.,GVT,51.0,,,2.0,
Anykščių r. sav.,VBN,38.0,,,1.0,
Anykščių r. sav.,CTS,12.0,,,1.0,
Anykščių r. sav.,NZP,49.0,,,2.0,
Anykščių r. sav.,VTD,79.00,,,3.0,
Anykščių r. sav.,OIT,251.76,,,3.0,
Anykščių r. sav.,EDD,1.7,,,2.0,
Anykščių r. sav.,NDU,480.0,,,1.0,
Anykščių r. sav.,TUI,0.3,,,1.0,
Anykščių r. sav.,MIG,0.4,,,1.0,
Anykščių r. sav.,PVG,1.6,,,1.0,
Anykščių r. sav.,UGD,40.0,,,2.0,
Anykščių r. sav.,NM,-0.02,,,1.0,
Anykščių r. sav.,SLD,3.9,,,1.0,
Anykščių r. sav.,DAG,59.0,,,1.0,
Anykščių r. sav.,PAG,29.0,,,1.0,
Anykščių r. sav.,USS,3.1,,,1.0,
Anykščių r. sav.,GSM,-20.55,,,2.0,
Anykščių r. sav.,GSK,-30.0,,,1.0,
Anykščių r. sav.,KGD,30.61,,,1.0,
Anykščių r. sav.,M,33.0,,,2.0,
Anykščių r. sav.,ZNP,54.0,,,3.0,
Anykščių r. sav.,RIP,5.2,,,1.0,
Anykščių r. sav.,NII,30.0,,,1.0,
Anykščių r. sav.,INI,,,,,
Anykščių r. sav.,PVI,12.5,,,1.0,
Anykščių r. sav.,KNI,317.00,,,2.0,
Anykščių r. sav.,NG,,,,,
Anykščių r. sav.,PVA,2.2,,,1.0,
Anykščių r. sav.,STP,20.0,,,3.0,
Anykščių r. sav.,KPO,6.1,,,1.0,
Ignalinos r. sav.,NL,15.4,,,1.0,
Ignalinos r. sav.,IBD,53.9,,,1.0,
Ignalinos r. sav.,LLS,54.1,,,3.0,
Ignalinos r. sav.,MPM,19.8,,,2.0,
Ignalinos r. sav.,MMA,70.8,,,1.0,
Ignalinos r. sav.,EIS,0.37,,,3.0,
Ignalinos r. sav.,VTP,35.7,,,2.0,
Ignalinos r. sav.,KGP,22.0,,,2.0,
Ignalinos r. sav.,OUP,0.07,,,2.0,
Ignalinos r. sav.,KPD,26.0,,,1.0,
Ignalinos r. sav.,GVT,70.0,,,2.0,
Ignalinos r. sav.,VBN,52.0,,,2.0,
Ignalinos r. sav.,CTS,15.0,,,1.0,
Ignalinos r. sav.,NZP,62.0,,,2.0,
Ignalinos r. sav.,VTD,80.00,,,3.0,
Ignalinos r. sav.,OIT,177.25,,,3.0,
Ignalinos r. sav.,EDD,2.9,,,1.0,
Ignalinos r. sav.,NDU,495.0,,,1.0,
Ignalinos r. sav.,TUI,0.3,,,1.0,
Ignalinos r. sav.,MIG,0.3,,,1.0,
Ignalinos r. sav.,PVG,1.2,,,1.0,
Ignalinos r. sav.,UGD,38.6,,,2.0,
Ignalinos r. sav.,NM,-0.01,,,2.0,
Ignalinos r. sav.,SLD,3.1,,,1.0,
Ignalinos r. sav.,DAG,57.0,,,1.0,
Ignalinos r. sav.,PAG,31.0,,,1.0,
Ignalinos r. sav.,USS,2.5,,,1.0,
Ignalinos r. sav.,GSM,-17.71,,,2.0,
Ignalinos r. sav.,GSK,-35.0,,,1.0,
Ignalinos r. sav.,KGD,24.57,,,1.0,
Ignalinos r. sav.,M,36.0,,,2.0,
Ignalinos r. sav.,ZNP,42.0,,,2.0,
Ignalinos r. sav.,RIP,7.88,,,3.0,
Ignalinos r. sav.,NII,76.0,,,2.0,
Ignalinos r. sav.,INI,,,,,
Ignalinos r. sav.,PVI,3.0,,,1.0,
Ignalinos r. sav.,KNI,85.00,,,1.0,
Ignalinos r. sav.,NG,,,,,
Ignalinos r. sav.,PVA,1.3,,,1.0,
Ignalinos r. sav.,STP,28.0,,,2.0,
Ignalinos r. sav.,KPO,4.0,,,1.0,
Molėtų r. sav.,NL,11.4,,,2.0,
Molėtų r. sav.,IBD,36.1,,,2.0,
Molėtų r. sav.,LLS,50.0,,,3.0,
Molėtų r. sav.,MPM,17.5,,,3.0,
Molėtų r. sav.,MMA,73.1,,,2.0,
Molėtų r. sav.,EIS,0.97,,,3.0,
Molėtų r. sav.,VTP,34.5,,,2.0,
Molėtų r. sav.,KGP,0.0,,,1.0,
Molėtų r. sav.,OUP,0.04,,,3.0,
Molėtų r. sav.,KPD,24.0,,,1.0,
Molėtų r. sav.,GVT,81.0,,,3.0,
Molėtų r. sav.,VBN,45.0,,,2.0,
Molėtų r. sav.,CTS,12.0,,,1.0,
Molėtų r. sav.,NZP,61.0,,,2.0,
Molėtų r. sav.,VTD,84.00,,,3.0,
Molėtų r. sav.,OIT,291.15,,,3.0,
Molėtų r. sav.,EDD,2.1,,,2.0,
Molėtų r. sav.,NDU,467.5,,,1.0,
Molėtų r. sav.,TUI,0.1,,,1.0,
Molėtų r. sav.,MIG,0.7,,,1.0,
Molėtų r. sav.,PVG,1.7,,,1.0,
Molėtų r. sav.,UGD,41.8,,,2.0,
Molėtų r. sav.,NM,-0.01,,,2.0,
Molėtų r. sav.,SLD,5.8,,,2.0,
Molėtų r. sav.,DAG,60.0,,,1.0,
Molėtų r. sav.,PAG,27.0,,,1.0,
Molėtų r. sav.,USS,3.6,,,2.0,
Molėtų r. sav.,GSM,-17.13,,,2.0,
Molėtų r. sav.,GSK,-29.0,,,1.0,
Molėtų r. sav.,KGD,23.1,,,1.0,
Molėtų r. sav.,M,32.0,,,2.0,
Molėtų r. sav.,ZNP,45.0,,,2.0,
Molėtų r. sav.,RIP,7.67,,,2.0,
Molėtų r. sav.,NII,6.0,,,1.0,
Molėtų r. sav.,INI,,,,,
Molėtų r. sav.,PVI,5.2,,,1.0,
Molėtų r. sav.,KNI,99.00,,,1.0,
Molėtų r. sav.,NG,,,,,
Molėtų r. sav.,PVA,0.0,,,1.0,
Molėtų r. sav.,STP,19.0,,,3.0,
Molėtų r. sav.,KPO,7.9,,,2.0,
Utenos r. sav.,NL,10.0,,,2.0,
Utenos r. sav.,IBD,36.4,,,2.0,
Utenos r. sav.,LLS,93.0,,,3.0,
Utenos r. sav.,MPM,17.8,,,3.0,
Utenos r. sav.,MMA,78.0,,,3.0,
Utenos r. sav.,EIS,0.74,,,3.0,
Utenos r. sav.,VTP,40.5,,,2.0,
Utenos r. sav.,KGP,0.0,,,1.0,
Utenos r. sav.,OUP,0.06,,,3.0,
Utenos r. sav.,KPD,24.0,,,1.0,
Utenos r. sav.,GVT,90.0,,,3.0,
Utenos r. sav.,VBN,80.0,,,3.0,
Utenos r. sav.,CTS,26.0,,,2.0,
Utenos r. sav.,NZP,59.0,,,2.0,
Utenos r. sav.,VTD,92.00,,,3.0,
Utenos r. sav.,OIT,683.92,,,3.0,
Utenos r. sav.,EDD,3.1,,,1.0,
Utenos r. sav.,NDU,531.0,,,2.0,
Utenos r. sav.,TUI,3.8,,,2.0,
Utenos r. sav.,MIG,1.7,,,2.0,
Utenos r. sav.,PVG,4.0,,,2.0,
Utenos r. sav.,UGD,48.5,,,3.0,
Utenos r. sav.,NM,-0.02,,,1.0,
Utenos r. sav.,SLD,3.9,,,1.0,
Utenos r. sav.,DAG,62.0,,,2.0,
Utenos r. sav.,PAG,25.0,,,2.0,
Utenos r. sav.,USS,3.7,,,2.0,
Utenos r. sav.,GSM,-19.73,,,2.0,
Utenos r. sav.,GSK,-22.0,,,1.0,
Utenos r. sav.,KGD,26.02,,,1.0,
Utenos r. sav.,M,34.0,,,2.0,
Utenos r. sav.,ZNP,47.0,,,2.0,
Utenos r. sav.,RIP,6.48,,,2.0,
Utenos r. sav.,NII,72.0,,,1.0,
Utenos r. sav.,INI,,,,,
Utenos r. sav.,PVI,61.8,,,3.0,
Utenos r. sav.,KNI,222.00,,,1.0,
Utenos r. sav.,NG,,,,,
Utenos r. sav.,PVA,7.6,,,2.0,
Utenos r. sav.,STP,10.0,,,3.0,
Utenos r. sav.,KPO,7.0,,,2.0,
Visagino sav.,NL,12.7,,,1.0,
Visagino sav.,IBD,33.3,,,2.0,
Visagino sav.,LLS,82.9,,,3.0,
Visagino sav.,MPM,18.8,,,3.0,
Visagino sav.,MMA,74.2,,,2.0,
Visagino sav.,EIS,0.15,,,3.0,
Visagino sav.,VTP,32.5,,,2.0,
Visagino sav.,KGP,42.0,,,3.0,
Visagino sav.,OUP,0.17,,,1.0,
Visagino sav.,KPD,82.0,,,3.0,
Visagino sav.,GVT,100.0,,,3.0,
Visagino sav.,VBN,100.0,,,3.0,
Visagino sav.,CTS,57.0,,,3.0,
Visagino sav.,NZP,79.0,,,3.0,
Visagino sav.,VTD,100.00,,,3.0,
Visagino sav.,OIT,659.78,,,3.0,
Visagino sav.,EDD,0.4,,,3.0,
Visagino sav.,NDU,616.0,,,3.0,
Visagino sav.,TUI,0.4,,,1.0,
Visagino sav.,MIG,1.5,,,2.0,
Visagino sav.,PVG,3.4,,,1.0,
Visagino sav.,UGD,41.0,,,2.0,
Visagino sav.,NM,-0.03,,,1.0,
Visagino sav.,SLD,4.9,,,2.0,
Visagino sav.,DAG,65.0,,,3.0,
Visagino sav.,PAG,20.0,,,3.0,
Visagino sav.,USS,3.6,,,2.0,
Visagino sav.,GSM,,,,,
Visagino sav.,GSK,,,,,
Visagino sav.,KGD,76.19,,,1.0,
Visagino sav.,M,58.0,,,3.0,
Visagino sav.,ZNP,2.0,,,1.0,
Visagino sav.,RIP,7.93,,,3.0,
Visagino sav.,NII,0.0,,,1.0,
Visagino sav.,INI,,,,,
Visagino sav.,PVI,40.2,,,2.0,
Visagino sav.,KNI,0.00,,,1.0,
Visagino sav.,NG,,,,,
Visagino sav.,PVA,3.7,,,1.0,
Visagino sav.,STP,1.0,,,2.0,
Visagino sav.,KPO,3.8,,,1.0,
Zarasų r. sav.,NL,14.0,,,1.0,
Zarasų r. sav.,IBD,44.1,,,1.0,
Zarasų r. sav.,LLS,38.3,,,3.0,
Zarasų r. sav.,MPM,20.1,,,2.0,
Zarasų r. sav.,MMA,73.6,,,2.0,
Zarasų r. sav.,EIS,0.37,,,3.0,
Zarasų r. sav.,VTP,34.4,,,2.0,
Zarasų r. sav.,KGP,6.0,,,1.0,
Zarasų r. sav.,OUP,0.09,,,2.0,
Zarasų r. sav.,KPD,22.0,,,1.0,
Zarasų r. sav.,GVT,70.0,,,2.0,
Zarasų r. sav.,VBN,48.0,,,2.0,
Zarasų r. sav.,CTS,19.0,,,1.0,
Zarasų r. sav.,NZP,69.0,,,2.0,
Zarasų r. sav.,VTD,84.00,,,3.0,
Zarasų r. sav.,OIT,152.21,,,3.0,
Zarasų r. sav.,EDD,1.8,,,2.0,
Zarasų r. sav.,NDU,462.7,,,1.0,
Zarasų r. sav.,TUI,0.1,,,1.0,
Zarasų r. sav.,MIG,0.3,,,1.0,
Zarasų r. sav.,PVG,1.4,,,1.0,
Zarasų r. sav.,UGD,33.1,,,1.0,
Zarasų r. sav.,NM,-0.01,,,2.0,
Zarasų r. sav.,SLD,3.5,,,1.0,
Zarasų r. sav.,DAG,59.0,,,1.0,
Zarasų r. sav.,PAG,28.0,,,1.0,
Zarasų r. sav.,USS,2.8,,,1.0,
Zarasų r. sav.,GSM,-22.09,,,1.0,
Zarasų r. sav.,GSK,-30.6,,,1.0,
Zarasų r. sav.,KGD,32.6,,,1.0,
Zarasų r. sav.,M,38.0,,,2.0,
Zarasų r. sav.,ZNP,36.0,,,2.0,
Zarasų r. sav.,RIP,8.24,,,3.0,
Zarasų r. sav.,NII,34.0,,,1.0,
Zarasų r. sav.,INI,,,,,
Zarasų r. sav.,PVI,3.5,,,1.0,
Zarasų r. sav.,KNI,120.00,,,1.0,
Zarasų r. sav.,NG,,,,,
Zarasų r. sav.,PVA,1.6,,,1.0,
Zarasų r. sav.,STP,29.0,,,2.0,
Zarasų r. sav.,KPO,6.9,,,2.0,
Elektrėnų sav.,NL,4.8,,,3.0,
Elektrėnų sav.,IBD,21.4,,,3.0,
Elektrėnų sav.,LLS,178.0,,,1.0,
Elektrėnų sav.,MPM,12.5,,,2.0,
Elektrėnų sav.,MMA,81.6,,,3.0,
Elektrėnų sav.,EIS,0.94,,,3.0,
Elektrėnų sav.,VTP,15.5,,,1.0,
Elektrėnų sav.,KGP,36.0,,,3.0,
Elektrėnų sav.,OUP,0.03,,,3.0,
Elektrėnų sav.,KPD,30.0,,,1.0,
Elektrėnų sav.,GVT,,,,,
Elektrėnų sav.,VBN,,,,,
Elektrėnų sav.,CTS,27.0,,,2.0,
Elektrėnų sav.,NZP,60.0,,,2.0,
Elektrėnų sav.,VTD,31.00,,,1.0,
Elektrėnų sav.,OIT,"2,487.67",,,1.0,
Elektrėnų sav.,EDD,3.8,,,1.0,
Elektrėnų sav.,NDU,588.0,,,2.0,
Elektrėnų sav.,TUI,4.0,,,2.0,
Elektrėnų sav.,MIG,2.7,,,3.0,
Elektrėnų sav.,PVG,6.8,,,3.0,
Elektrėnų sav.,UGD,51.8,,,3.0,
Elektrėnų sav.,NM,0.0,,,2.0,
Elektrėnų sav.,SLD,5.6,,,2.0,
Elektrėnų sav.,DAG,63.0,,,2.0,
Elektrėnų sav.,PAG,22.0,,,2.0,
Elektrėnų sav.,USS,2.8,,,1.0,
Elektrėnų sav.,GSM,-17.59,,,2.0,
Elektrėnų sav.,GSK,-16.0,,,2.0,
Elektrėnų sav.,KGD,19.76,,,2.0,
Elektrėnų sav.,M,33.0,,,2.0,
Elektrėnų sav.,ZNP,46.0,,,2.0,
Elektrėnų sav.,RIP,6.48,,,2.0,
Elektrėnų sav.,NII,5.0,,,1.0,
Elektrėnų sav.,INI,,,,,
Elektrėnų sav.,PVI,19.3,,,1.0,
Elektrėnų sav.,KNI,3.00,,,1.0,
Elektrėnų sav.,NG,,,,,
Elektrėnų sav.,PVA,0.3,,,1.0,
Elektrėnų sav.,STP,13.0,,,3.0,
Elektrėnų sav.,KPO,4.8,,,1.0,
Šalčininkų r. sav.,NL,10.7,,,2.0,
Šalčininkų r. sav.,IBD,25.2,,,2.0,
Šalčininkų r. sav.,LLS,54.1,,,3.0,
Šalčininkų r. sav.,MPM,20.1,,,2.0,
Šalčininkų r. sav.,MMA,69.0,,,1.0,
Šalčininkų r. sav.,EIS,0.59,,,3.0,
Šalčininkų r. sav.,VTP,30.0,,,2.0,
Šalčininkų r. sav.,KGP,0.0,,,1.0,
Šalčininkų r. sav.,OUP,0.03,,,3.0,
Šalčininkų r. sav.,KPD,29.0,,,1.0,
Šalčininkų r. sav.,GVT,93.0,,,3.0,
Šalčininkų r. sav.,VBN,91.0,,,3.0,
Šalčininkų r. sav.,CTS,7.0,,,1.0,
Šalčininkų r. sav.,NZP,57.0,,,2.0,
Šalčininkų r. sav.,VTD,69.00,,,3.0,
Šalčininkų r. sav.,OIT,92.36,,,3.0,
Šalčininkų r. sav.,EDD,0.6,,,3.0,
Šalčininkų r. sav.,NDU,451.0,,,1.0,
Šalčininkų r. sav.,TUI,0.0,,,1.0,
Šalčininkų r. sav.,MIG,0.3,,,1.0,
Šalčininkų r. sav.,PVG,1.1,,,1.0,
Šalčininkų r. sav.,UGD,38.7,,,2.0,
Šalčininkų r. sav.,NM,-0.01,,,2.0,
Šalčininkų r. sav.,SLD,4.3,,,1.0,
Šalčininkų r. sav.,DAG,63.0,,,2.0,
Šalčininkų r. sav.,PAG,20.0,,,3.0,
Šalčininkų r. sav.,USS,2.3,,,1.0,
Šalčininkų r. sav.,GSM,-4.87,,,3.0,
Šalčininkų r. sav.,GSK,-23.0,,,1.0,
Šalčininkų r. sav.,KGD,8.28,,,3.0,
Šalčininkų r. sav.,M,48.0,,,3.0,
Šalčininkų r. sav.,ZNP,43.0,,,2.0,
Šalčininkų r. sav.,RIP,4.78,,,1.0,
Šalčininkų r. sav.,NII,25.0,,,1.0,
Šalčininkų r. sav.,INI,,,,,
Šalčininkų r. sav.,PVI,5.6,,,1.0,
Šalčininkų r. sav.,KNI,73.00,,,1.0,
Šalčininkų r. sav.,NG,,,,,
Šalčininkų r. sav.,PVA,0.8,,,1.0,
Šalčininkų r. sav.,STP,20.0,,,3.0,
Šalčininkų r. sav.,KPO,5.3,,,1.0,
Širvintų r. sav.,NL,8.0,,,3.0,
Širvintų r. sav.,IBD,16.1,,,3.0,
Širvintų r. sav.,LLS,44.1,,,3.0,
Širvintų r. sav.,MPM,17.8,,,3.0,
Širvintų r. sav.,MMA,72.9,,,2.0,
Širvintų r. sav.,EIS,1.0,,,3.0,
Širvintų r. sav.,VTP,39.2,,,2.0,
Širvintų r. sav.,KGP,0.0,,,1.0,
Širvintų r. sav.,OUP,0.03,,,3.0,
Širvintų r. sav.,KPD,17.0,,,1.0,
Širvintų r. sav.,GVT,78.0,,,3.0,
Širvintų r. sav.,VBN,55.0,,,2.0,
Širvintų r. sav.,CTS,15.0,,,1.0,
Širvintų r. sav.,NZP,50.0,,,2.0,
Širvintų r. sav.,VTD,48.00,,,2.0,
Širvintų r. sav.,OIT,201.62,,,3.0,
Širvintų r. sav.,EDD,2.0,,,2.0,
Širvintų r. sav.,NDU,478.0,,,1.0,
Širvintų r. sav.,TUI,0.1,,,1.0,
Širvintų r. sav.,MIG,0.6,,,1.0,
Širvintų r. sav.,PVG,1.7,,,1.0,
Širvintų r. sav.,UGD,37.9,,,1.0,
Širvintų r. sav.,NM,-0.01,,,2.0,
Širvintų r. sav.,SLD,5.2,,,2.0,
Širvintų r. sav.,DAG,62.0,,,2.0,
Širvintų r. sav.,PAG,24.0,,,2.0,
Širvintų r. sav.,USS,2.7,,,1.0,
Širvintų r. sav.,GSM,-19.43,,,2.0,
Širvintų r. sav.,GSK,-21.0,,,1.0,
Širvintų r. sav.,KGD,25.21,,,1.0,
Širvintų r. sav.,M,33.0,,,2.0,
Širvintų r. sav.,ZNP,53.0,,,3.0,
Širvintų r. sav.,RIP,4.66,,,1.0,
Širvintų r. sav.,NII,83.0,,,2.0,
Širvintų r. sav.,INI,,,,,
Širvintų r. sav.,PVI,11.3,,,1.0,
Širvintų r. sav.,KNI,164.00,,,1.0,
Širvintų r. sav.,NG,,,,,
Širvintų r. sav.,PVA,0.0,,,1.0,
Širvintų r. sav.,STP,5.0,,,2.0,
Širvintų r. sav.,KPO,7.2,,,2.0,
Švenčionių r. sav.,NL,9.3,,,2.0,
Švenčionių r. sav.,IBD,24.5,,,2.0,
Švenčionių r. sav.,LLS,56.6,,,3.0,
Švenčionių r. sav.,MPM,16.0,,,3.0,
Švenčionių r. sav.,MMA,76.0,,,2.0,
Švenčionių r. sav.,EIS,0.36,,,3.0,
Švenčionių r. sav.,VTP,24.0,,,1.0,
Švenčionių r. sav.,KGP,22.0,,,2.0,
Švenčionių r. sav.,OUP,0.06,,,3.0,
Švenčionių r. sav.,KPD,23.0,,,1.0,
Švenčionių r. sav.,GVT,93.0,,,3.0,
Švenčionių r. sav.,VBN,91.0,,,3.0,
Švenčionių r. sav.,CTS,11.0,,,1.0,
Švenčionių r. sav.,NZP,74.0,,,3.0,
Švenčionių r. sav.,VTD,86.00,,,3.0,
Švenčionių r. sav.,OIT,541.30,,,3.0,
Švenčionių r. sav.,EDD,1.0,,,3.0,
Švenčionių r. sav.,NDU,499.5,,,1.0,
Švenčionių r. sav.,TUI,2.6,,,2.0,
Švenčionių r. sav.,MIG,0.9,,,1.0,
Švenčionių r. sav.,PVG,2.4,,,1.0,
Švenčionių r. sav.,UGD,42.5,,,2.0,
Švenčionių r. sav.,NM,-0.01,,,2.0,
Švenčionių r. sav.,SLD,4.6,,,2.0,
Švenčionių r. sav.,DAG,61.0,,,2.0,
Švenčionių r. sav.,PAG,26.0,,,2.0,
Švenčionių r. sav.,USS,2.2,,,1.0,
Švenčionių r. sav.,GSM,-19.12,,,2.0,
Švenčionių r. sav.,GSK,-30.7,,,1.0,
Švenčionių r. sav.,KGD,27.41,,,1.0,
Švenčionių r. sav.,M,61.0,,,3.0,
Švenčionių r. sav.,ZNP,26.0,,,2.0,
Švenčionių r. sav.,RIP,6.56,,,2.0,
Švenčionių r. sav.,NII,50.0,,,1.0,
Švenčionių r. sav.,INI,,,,,
Švenčionių r. sav.,PVI,15.4,,,1.0,
Švenčionių r. sav.,KNI,350.00,,,2.0,
Švenčionių r. sav.,NG,,,,,
Švenčionių r. sav.,PVA,2.1,,,1.0,
Švenčionių r. sav.,STP,39.0,,,1.0,
Švenčionių r. sav.,KPO,6.2,,,1.0,
Trakų r. sav.,NL,5.8,,,3.0,
Trakų r. sav.,IBD,25.1,,,2.0,
Trakų r. sav.,LLS,44.0,,,3.0,
Trakų r. sav.,MPM,13.3,,,3.0,
Trakų r. sav.,MMA,76.6,,,3.0,
Trakų r. sav.,EIS,1.03,,,3.0,
Trakų r. sav.,VTP,27.5,,,2.0,
Trakų r. sav.,KGP,33.0,,,3.0,
Trakų r. sav.,OUP,0.02,,,3.0,
Trakų r. sav.,KPD,33.0,,,2.0,
Trakų r. sav.,GVT,63.0,,,2.0,
Trakų r. sav.,VBN,48.0,,,2.0,
Trakų r. sav.,CTS,11.0,,,1.0,
Trakų r. sav.,NZP,70.0,,,2.0,
Trakų r. sav.,VTD,76.00,,,3.0,
Trakų r. sav.,OIT,161.12,,,3.0,
Trakų r. sav.,EDD,2.4,,,2.0,
Trakų r. sav.,NDU,571.0,,,2.0,
Trakų r. sav.,TUI,1.4,,,1.0,
Trakų r. sav.,MIG,1.5,,,2.0,
Trakų r. sav.,PVG,3.4,,,1.0,
Trakų r. sav.,UGD,49.4,,,3.0,
Trakų r. sav.,NM,-0.01,,,2.0,
Trakų r. sav.,SLD,10.9,,,3.0,
Trakų r. sav.,DAG,63.0,,,2.0,
Trakų r. sav.,PAG,21.0,,,3.0,
Trakų r. sav.,USS,3.4,,,1.0,
Trakų r. sav.,GSM,-14.74,,,2.0,
Trakų r. sav.,GSK,-8.1,,,2.0,
Trakų r. sav.,KGD,15.86,,,2.0,
Trakų r. sav.,M,50.0,,,3.0,
Trakų r. sav.,ZNP,33.0,,,2.0,
Trakų r. sav.,RIP,7.15,,,2.0,
Trakų r. sav.,NII,187.0,,,3.0,
Trakų r. sav.,INI,,,,,
Trakų r. sav.,PVI,237.8,,,3.0,
Trakų r. sav.,KNI,"1,095.00",,,3.0,
Trakų r. sav.,NG,,,,,
Trakų r. sav.,PVA,0.1,,,1.0,
Trakų r. sav.,STP,23.0,,,3.0,
Trakų r. sav.,KPO,6.9,,,2.0,
Ukmergės r. sav.,NL,11.4,,,2.0,
Ukmergės r. sav.,IBD,31.6,,,2.0,
Ukmergės r. sav.,LLS,59.3,,,3.0,
Ukmergės r. sav.,MPM,16.0,,,3.0,
Ukmergės r. sav.,MMA,75.9,,,2.0,
Ukmergės r. sav.,EIS,0.62,,,3.0,
Ukmergės r. sav.,VTP,31.2,,,2.0,
Ukmergės r. sav.,KGP,0.0,,,1.0,
Ukmergės r. sav.,OUP,0.03,,,3.0,
Ukmergės r. sav.,KPD,31.0,,,1.0,
Ukmergės r. sav.,GVT,91.0,,,3.0,
Ukmergės r. sav.,VBN,80.0,,,3.0,
Ukmergės r. sav.,CTS,23.0,,,2.0,
Ukmergės r. sav.,NZP,45.0,,,1.0,
Ukmergės r. sav.,VTD,78.00,,,3.0,
Ukmergės r. sav.,OIT,622.20,,,3.0,
Ukmergės r. sav.,EDD,1.4,,,3.0,
Ukmergės r. sav.,NDU,513.0,,,1.0,
Ukmergės r. sav.,TUI,1.5,,,1.0,
Ukmergės r. sav.,MIG,0.7,,,1.0,
Ukmergės r. sav.,PVG,3.6,,,1.0,
Ukmergės r. sav.,UGD,46.5,,,3.0,
Ukmergės r. sav.,NM,-0.02,,,1.0,
Ukmergės r. sav.,SLD,2.7,,,1.0,
Ukmergės r. sav.,DAG,59.0,,,1.0,
Ukmergės r. sav.,PAG,27.0,,,1.0,
Ukmergės r. sav.,USS,3.2,,,1.0,
Ukmergės r. sav.,GSM,-24.13,,,1.0,
Ukmergės r. sav.,GSK,-28.0,,,1.0,
Ukmergės r. sav.,KGD,30.13,,,1.0,
Ukmergės r. sav.,M,33.0,,,2.0,
Ukmergės r. sav.,ZNP,55.0,,,3.0,
Ukmergės r. sav.,RIP,4.9,,,1.0,
Ukmergės r. sav.,NII,38.0,,,1.0,
Ukmergės r. sav.,INI,,,,,
Ukmergės r. sav.,PVI,31.6,,,2.0,
Ukmergės r. sav.,KNI,95.00,,,1.0,
Ukmergės r. sav.,NG,,,,,
Ukmergės r. sav.,PVA,3.5,,,1.0,
Ukmergės r. sav.,STP,16.0,,,3.0,
Ukmergės r. sav.,KPO,6.2,,,1.0,
Vilniaus m. sav.,NL,5.9,,,3.0,
Vilniaus m. sav.,IBD,21.6,,,3.0,
Vilniaus m. sav.,LLS,14.2,,,2.0,
Vilniaus m. sav.,MPM,10.2,,,2.0,
Vilniaus m. sav.,MMA,77.7,,,3.0,
Vilniaus m. sav.,EIS,1.15,,,3.0,
Vilniaus m. sav.,VTP,87.6,,,3.0,
Vilniaus m. sav.,KGP,95.0,,,3.0,
Vilniaus m. sav.,OUP,0.01,,,3.0,
Vilniaus m. sav.,KPD,74.0,,,3.0,
Vilniaus m. sav.,GVT,93.0,,,3.0,
Vilniaus m. sav.,VBN,91.0,,,3.0,
Vilniaus m. sav.,CTS,34.0,,,2.0,
Vilniaus m. sav.,NZP,52.0,,,2.0,
Vilniaus m. sav.,VTD,58.00,,,2.0,
Vilniaus m. sav.,OIT,"3,824.97",,,1.0,
Vilniaus m. sav.,EDD,,,,,
Vilniaus m. sav.,NDU,685.0,,,3.0,
Vilniaus m. sav.,TUI,17.3,,,3.0,
Vilniaus m. sav.,MIG,3.4,,,3.0,
Vilniaus m. sav.,PVG,11.3,,,3.0,
Vilniaus m. sav.,UGD,54.3,,,3.0,
Vilniaus m. sav.,NM,0.0,,,2.0,
Vilniaus m. sav.,SLD,5.6,,,2.0,
Vilniaus m. sav.,DAG,64.0,,,2.0,
Vilniaus m. sav.,PAG,19.0,,,3.0,
Vilniaus m. sav.,USS,10.1,,,3.0,
Vilniaus m. sav.,GSM,-1.9,,,3.0,
Vilniaus m. sav.,GSK,56.2,,,3.0,
Vilniaus m. sav.,KGD,0.0,,,3.0,
Vilniaus m. sav.,M,35.0,,,2.0,
Vilniaus m. sav.,ZNP,19.0,,,1.0,
Vilniaus m. sav.,RIP,8.48,,,3.0,
Vilniaus m. sav.,NII,8.0,,,1.0,
Vilniaus m. sav.,INI,,,,,
Vilniaus m. sav.,PVI,282.7,,,3.0,
Vilniaus m. sav.,KNI,233.00,,,1.0,
Vilniaus m. sav.,NG,,,,,
Vilniaus m. sav.,PVA,63.9,,,3.0,
Vilniaus m. sav.,STP,18.0,,,3.0,
Vilniaus m. sav.,KPO,147.9,,,3.0,
Vilniaus r. sav.,NL,8.9,,,2.0,
Vilniaus r. sav.,IBD,33.5,,,2.0,
Vilniaus r. sav.,LLS,101.0,,,2.0,
Vilniaus r. sav.,MPM,15.2,,,3.0,
Vilniaus r. sav.,MMA,75.4,,,2.0,
Vilniaus r. sav.,EIS,1.0,,,3.0,
Vilniaus r. sav.,VTP,41.8,,,2.0,
Vilniaus r. sav.,KGP,34.0,,,3.0,
Vilniaus r. sav.,OUP,0.01,,,3.0,
Vilniaus r. sav.,KPD,30.0,,,1.0,
Vilniaus r. sav.,GVT,93.0,,,3.0,
Vilniaus r. sav.,VBN,91.0,,,3.0,
Vilniaus r. sav.,CTS,4.0,,,1.0,
Vilniaus r. sav.,NZP,63.0,,,2.0,
Vilniaus r. sav.,VTD,55.00,,,2.0,
Vilniaus r. sav.,OIT,873.00,,,2.0,
Vilniaus r. sav.,EDD,1.8,,,2.0,
Vilniaus r. sav.,NDU,569.0,,,2.0,
Vilniaus r. sav.,TUI,1.8,,,1.0,
Vilniaus r. sav.,MIG,2.3,,,2.0,
Vilniaus r. sav.,PVG,3.4,,,1.0,
Vilniaus r. sav.,UGD,49.3,,,3.0,
Vilniaus r. sav.,NM,0.01,,,3.0,
Vilniaus r. sav.,SLD,13.6,,,3.0,
Vilniaus r. sav.,DAG,65.0,,,3.0,
Vilniaus r. sav.,PAG,18.0,,,3.0,
Vilniaus r. sav.,USS,3.9,,,2.0,
Vilniaus r. sav.,GSM,-19.47,,,2.0,
Vilniaus r. sav.,GSK,9.37,,,3.0,
Vilniaus r. sav.,KGD,10.7,,,3.0,
Vilniaus r. sav.,M,42.0,,,2.0,
Vilniaus r. sav.,ZNP,40.0,,,2.0,
Vilniaus r. sav.,RIP,5.03,,,1.0,
Vilniaus r. sav.,NII,102.0,,,2.0,
Vilniaus r. sav.,INI,,,,,
Vilniaus r. sav.,PVI,146.1,,,3.0,
Vilniaus r. sav.,KNI,401.00,,,2.0,
Vilniaus r. sav.,NG,,,,,
Vilniaus r. sav.,PVA,30.8,,,3.0,
Vilniaus r. sav.,STP,9.0,,,3.0,
Vilniaus r. sav.,KPO,5.7,,,1.0,
